[Licensing::Module] Trying to connect to existing licensing client channel...
Built from '6000.2/respin/6000.2.8f1-e4064264ae96' branch; Version is '6000.2.8f1 (c9992ac36c34) revision 13211946'; Using compiler version '194234433'; Build Type 'Release'
[Licensing::IpcConnector] Successfully connected to: "LicenseClient-Lopez Fam" at "2026-04-22T18:35:18.0025313Z"
OS: 'Windows 10  (10.0.19045) 64bit Professional' Language: 'en' Physical Memory: 49094 MB
BatchMode: 1, IsHumanControllingUs: 0, StartBugReporterOnCrash: 0, Is64bit: 1
Date: 2026-04-22T18:35:18Z

COMMAND LINE ARGUMENTS:
C:\Program Files\Unity\Hub\Editor\6000.2.8f1\Editor\Unity.exe
-adb2
-batchMode
-noUpm
-name
AssetImportWorker1
-projectPath
C:/Users/joslo/OneDrive/Desktop/Fighter/Fighter2/Fighter/Fighter2
-logFile
Logs/AssetImportWorker1.log
-srvPort
52603
-licensingIpc
LicenseClient-Lopez Fam
-job-worker-count
11
-background-job-worker-count
8
-gc-helper-count
1
-name
AssetImport
Successfully changed project path to: C:/Users/joslo/OneDrive/Desktop/Fighter/Fighter2/Fighter/Fighter2
C:/Users/joslo/OneDrive/Desktop/Fighter/Fighter2/Fighter/Fighter2
[UnityMemory] Configuration Parameters - Can be set up in boot.config
    "memorysetup-allocator-temp-initial-block-size-main=262144"
    "memorysetup-allocator-temp-initial-block-size-worker=262144"
    "memorysetup-bucket-allocator-granularity=16"
    "memorysetup-bucket-allocator-bucket-count=8"
    "memorysetup-bucket-allocator-block-size=33554432"
    "memorysetup-bucket-allocator-block-count=8"
    "memorysetup-main-allocator-block-size=16777216"
    "memorysetup-thread-allocator-block-size=16777216"
    "memorysetup-gfx-main-allocator-block-size=16777216"
    "memorysetup-gfx-thread-allocator-block-size=16777216"
    "memorysetup-cache-allocator-block-size=4194304"
    "memorysetup-typetree-allocator-block-size=2097152"
    "memorysetup-profiler-bucket-allocator-granularity=16"
    "memorysetup-profiler-bucket-allocator-bucket-count=8"
    "memorysetup-profiler-bucket-allocator-block-size=33554432"
    "memorysetup-profiler-bucket-allocator-block-count=8"
    "memorysetup-profiler-allocator-block-size=16777216"
    "memorysetup-profiler-editor-allocator-block-size=1048576"
    "memorysetup-temp-allocator-size-main=16777216"
    "memorysetup-job-temp-allocator-block-size=2097152"
    "memorysetup-job-temp-allocator-block-size-background=1048576"
    "memorysetup-job-temp-allocator-reduction-small-platforms=262144"
    "memorysetup-temp-allocator-size-background-worker=32768"
    "memorysetup-temp-allocator-size-job-worker=262144"
    "memorysetup-temp-allocator-size-preload-manager=33554432"
    "memorysetup-temp-allocator-size-nav-mesh-worker=65536"
    "memorysetup-temp-allocator-size-audio-worker=65536"
    "memorysetup-temp-allocator-size-cloud-worker=32768"
    "memorysetup-temp-allocator-size-gi-baking-worker=262144"
    "memorysetup-temp-allocator-size-gi-baking-worker=262144"
    "memorysetup-temp-allocator-size-gi-baking-worker=262144"
    "memorysetup-temp-allocator-size-gi-baking-worker=262144"
    "memorysetup-temp-allocator-size-gi-baking-worker=262144"
    "memorysetup-temp-allocator-size-gfx=262144"
Player connection [2184]  Target information:

Player connection [2184]  * "[IP] 192.168.1.203 [Port] 0 [Flags] 2 [Guid] 2351739795 [EditorId] 2351739795 [Version] 1048832 [Id] WindowsEditor(7,GamingPC) [Debug] 1 [PackageName] WindowsEditor [ProjectName] Editor" 

Player connection [2184] Host joined multi-casting on [225.0.0.222:54997]...
Player connection [2184] Host joined alternative multi-casting on [225.0.0.222:34997]...
JobSystem: Creating JobQueue using job-worker-count value 11
Input System module state changed to: Initialized.
[Physics::Module] Initialized fallback backend.
[Physics::Module] Id: 0xdecafbad
[Licensing::Client] Code 10 while verifying Licensing Client signature (process Id: 31268, path: "E:/Unity/Unity Hub/UnityLicensingClient_V1/Unity.Licensing.Client.exe")
[Licensing::Module] LicensingClient has failed validation; ignoring
[Licensing::Client] Handshaking with LicensingClient:
  Version:                 1.17.4+4293ba1
  Session Id:              1a93035c0cd54c61a4851254d3cea614
  Correlation Id:          9baa79e9fb5308e01ed388750f498965
  External correlation Id: 500127738400270789
  Machine Id:              jer7EoCy3hzGipwMWCyHV617dNc=
[Licensing::Module] Successfully connected to LicensingClient on channel: "LicenseClient-Lopez Fam" (connect: 0.00s, validation: 0.00s, handshake: 0.05s)
[Licensing::IpcConnector] Successfully connected to: "LicenseClient-Lopez Fam-notifications" at "2026-04-22T18:35:18.0553221Z"
[Licensing::Module] Licensing Background thread has ended after 0.05s
Library Redirect Path: Library/
[Physics::Module] Selected backend.
[Physics::Module] Name: PhysX
[Physics::Module] Id: 0xf2b8ea05
[Physics::Module] SDK Version: 4.1.2
[Physics::Module] Integration Version: 1.0.0
[Physics::Module] Threading Mode: Multi-Threaded
Refreshing native plugins compatible for Editor in 1.93 ms, found 3 plugins.
Preloading 0 native plugins for Editor in 0.00 ms.
Initialize engine version: 6000.2.8f1 (c9992ac36c34)
[Subsystems] Discovering subsystems at path C:/Program Files/Unity/Hub/Editor/6000.2.8f1/Editor/Data/Resources/UnitySubsystems
[Subsystems] Discovering subsystems at path C:/Users/joslo/OneDrive/Desktop/Fighter/Fighter2/Fighter/Fighter2/Assets
GfxDevice: creating device client; kGfxThreadingModeNonThreaded
Direct3D:
    Version:  Direct3D 11.0 [level 11.1]
    Renderer: NVIDIA GeForce RTX 3080 (ID=0x2216)
    Vendor:   NVIDIA
    VRAM:     10053 MB
    Driver:   32.0.15.9144
Initialize mono
Mono path[0] = 'C:/Program Files/Unity/Hub/Editor/6000.2.8f1/Editor/Data/Managed'
Mono path[1] = 'C:/Program Files/Unity/Hub/Editor/6000.2.8f1/Editor/Data/MonoBleedingEdge/lib/mono/unityjit-win32'
Mono config path = 'C:/Program Files/Unity/Hub/Editor/6000.2.8f1/Editor/Data/MonoBleedingEdge/etc'
Using monoOptions --debugger-agent=transport=dt_socket,embedding=1,server=y,suspend=n,address=127.0.0.1:56424
Begin MonoManager ReloadAssembly
Registering precompiled unity dll's ...
Register platform support module: C:/Program Files/Unity/Hub/Editor/6000.2.8f1/Editor/Data/PlaybackEngines/WindowsStandaloneSupport/UnityEditor.WindowsStandalone.Extensions.dll
Registered in 0.003084 seconds.
- Loaded All Assemblies, in  0.411 seconds
Native extension for WindowsStandalone target not found
Mono: successfully reloaded assembly
- Finished resetting the current domain, in  0.358 seconds
Domain Reload Profiling: 765ms
	BeginReloadAssembly (134ms)
		ExecutionOrderSort (0ms)
		DisableScriptedObjects (0ms)
		BackupInstance (0ms)
		ReleaseScriptingObjects (0ms)
		CreateAndSetChildDomain (1ms)
	RebuildCommonClasses (39ms)
	RebuildNativeTypeToScriptingClass (14ms)
	initialDomainReloadingComplete (50ms)
	LoadAllAssembliesAndSetupDomain (170ms)
		LoadAssemblies (129ms)
		RebuildTransferFunctionScriptingTraits (0ms)
		AnalyzeDomain (168ms)
			TypeCache.Refresh (166ms)
				TypeCache.ScanAssembly (153ms)
			BuildScriptInfoCaches (0ms)
			ResolveRequiredComponents (0ms)
	FinalizeReload (358ms)
		ReleaseScriptCaches (0ms)
		RebuildScriptCaches (0ms)
		SetupLoadedEditorAssemblies (319ms)
			LogAssemblyErrors (0ms)
			InitializePlatformSupportModulesInManaged (57ms)
			SetLoadedEditorAssemblies (4ms)
			BeforeProcessingInitializeOnLoad (67ms)
			ProcessInitializeOnLoadAttributes (131ms)
			ProcessInitializeOnLoadMethodAttributes (59ms)
			AfterProcessingInitializeOnLoad (0ms)
			EditorAssembliesLoaded (0ms)
		ExecutionOrderSort2 (0ms)
		AwakeInstancesAfterBackupRestoration (0ms)
========================================================================
Worker process is ready to serve import requests
Import Worker Mode flag is 0x00
Begin MonoManager ReloadAssembly
[Licensing::Client] Successfully resolved entitlement details
[Licensing::Module] License group:
  Id: 2475921127133-UnityPersXXXX
  Product: Unity Personal
  Type: Assigned
  Expiration: Unlimited
- Loaded All Assemblies, in  0.653 seconds
Refreshing native plugins compatible for Editor in 0.81 ms, found 3 plugins.
Native extension for WindowsStandalone target not found
Package Manager log level set to [2]
[Package Manager] Failed to launch server process. Reason: Unity was launched with the -noUpm command-line argument
[Package Manager] Unable to send message (not connected to server process).
[Package Manager] Cannot connect to Unity Package Manager local server
Mono: successfully reloaded assembly
- Finished resetting the current domain, in  0.538 seconds
Domain Reload Profiling: 1187ms
	BeginReloadAssembly (183ms)
		ExecutionOrderSort (0ms)
		DisableScriptedObjects (6ms)
		BackupInstance (0ms)
		ReleaseScriptingObjects (0ms)
		CreateAndSetChildDomain (31ms)
	RebuildCommonClasses (39ms)
	RebuildNativeTypeToScriptingClass (13ms)
	initialDomainReloadingComplete (38ms)
	LoadAllAssembliesAndSetupDomain (376ms)
		LoadAssemblies (282ms)
		RebuildTransferFunctionScriptingTraits (0ms)
		AnalyzeDomain (194ms)
			TypeCache.Refresh (160ms)
				TypeCache.ScanAssembly (148ms)
			BuildScriptInfoCaches (28ms)
			ResolveRequiredComponents (4ms)
	FinalizeReload (538ms)
		ReleaseScriptCaches (0ms)
		RebuildScriptCaches (0ms)
		SetupLoadedEditorAssemblies (411ms)
			LogAssemblyErrors (0ms)
			InitializePlatformSupportModulesInManaged (2ms)
			SetLoadedEditorAssemblies (4ms)
			BeforeProcessingInitializeOnLoad (102ms)
			ProcessInitializeOnLoadAttributes (274ms)
			ProcessInitializeOnLoadMethodAttributes (23ms)
			AfterProcessingInitializeOnLoad (6ms)
			EditorAssembliesLoaded (0ms)
		ExecutionOrderSort2 (0ms)
		AwakeInstancesAfterBackupRestoration (8ms)
Launched and connected shader compiler UnityShaderCompiler.exe after 0.02 seconds
Refreshing native plugins compatible for Editor in 0.99 ms, found 3 plugins.
Preloading 0 native plugins for Editor in 0.00 ms.
Unloading 14 Unused Serialized files (Serialized files now loaded: 0)
Unloading 3445 unused Assets / (2.2 MB). Loaded Objects now: 3918.
Memory consumption went from 84.4 MB to 82.2 MB.
Total: 6.289800 ms (FindLiveObjects: 0.487400 ms CreateObjectMapping: 0.152900 ms MarkObjects: 3.992800 ms  DeleteObjects: 1.654500 ms)

========================================================================
Received Import Request.
  Time since last request: 57063.236383 seconds.
  path: Assets/Prefab/Player.prefab
  artifactKey: Guid(2946f3eb6029d8a40b20e03adb96e4fa) Importer(815301076,1909f56bfc062723c751e8b465ee728b)
Start importing Assets/Prefab/Player.prefab using Guid(2946f3eb6029d8a40b20e03adb96e4fa) Importer(815301076,1909f56bfc062723c751e8b465ee728b) (PreviewImporter) -> (artifact id: '28f2557e86105a545e86d8105bd3469d') in 0.4837543 seconds
Number of updated asset objects reloaded before import = 0Number of asset objects unloaded after import = 349

========================================================================
Received Import Request.
  Time since last request: 3174.031946 seconds.
  path: Assets/Animations/Explosion.controller
  artifactKey: Guid(9bc0b7df6a74378419d8382e535a67eb) Importer(2089858483,0ecaa5967403d082aa24f35e1b516d23)
Start importing Assets/Animations/Explosion.controller using Guid(9bc0b7df6a74378419d8382e535a67eb) Importer(2089858483,0ecaa5967403d082aa24f35e1b516d23) (ScriptedImporter) -> (artifact id: 'd9b9fb18f0edc6ed05685911251dae5e') in 0.0817954 seconds
Number of updated asset objects reloaded before import = 0Number of asset objects unloaded after import = 4

========================================================================
Received Import Request.
  Time since last request: 0.005465 seconds.
  path: Assets/Audio/powerup.wav
  artifactKey: Guid(752ca85f206f14146942c3fcafbdd492) Importer(2089858483,0ecaa5967403d082aa24f35e1b516d23)
Start importing Assets/Audio/powerup.wav using Guid(752ca85f206f14146942c3fcafbdd492) Importer(2089858483,0ecaa5967403d082aa24f35e1b516d23) (ScriptedImporter) -> (artifact id: '1acb70b6b2e063093fa51cb524b24dea') in 0.0541177 seconds
Number of updated asset objects reloaded before import = 0Number of asset objects unloaded after import = 1

========================================================================
Received Import Request.
  Time since last request: 0.008657 seconds.
  path: Assets/Scripts/Cloud.cs
  artifactKey: Guid(0921323da3aa0e04894eb1a198e75a57) Importer(2089858483,0ecaa5967403d082aa24f35e1b516d23)
Start importing Assets/Scripts/Cloud.cs using Guid(0921323da3aa0e04894eb1a198e75a57) Importer(2089858483,0ecaa5967403d082aa24f35e1b516d23) (ScriptedImporter) -> (artifact id: 'f3cc5ec3ce95979d75aba9dd3ec639c5') in 0.0122992 seconds
Number of updated asset objects reloaded before import = 0Number of asset objects unloaded after import = 0

========================================================================
Received Import Request.
  Time since last request: 0.000131 seconds.
  path: Assets/Sprites/Coin/frame-10.png
  artifactKey: Guid(3ee261d1dd34d244c8a22fdc83303297) Importer(2089858483,0ecaa5967403d082aa24f35e1b516d23)
Start importing Assets/Sprites/Coin/frame-10.png using Guid(3ee261d1dd34d244c8a22fdc83303297) Importer(2089858483,0ecaa5967403d082aa24f35e1b516d23) (ScriptedImporter) -> (artifact id: 'a5283441f98b82958c815cea1abc96ae') in 0.0609286 seconds
Number of updated asset objects reloaded before import = 0Number of asset objects unloaded after import = 1

========================================================================
Received Import Request.
  Time since last request: 0.000061 seconds.
  path: Assets/Sprites/Explosion/Explosion_00028.png
  artifactKey: Guid(a2cab8284f892e34f900e6982322115f) Importer(2089858483,0ecaa5967403d082aa24f35e1b516d23)
Start importing Assets/Sprites/Explosion/Explosion_00028.png using Guid(a2cab8284f892e34f900e6982322115f) Importer(2089858483,0ecaa5967403d082aa24f35e1b516d23) (ScriptedImporter) -> (artifact id: 'ecaa8a109b02302427940d26cfbe80b8') in 0.0194871 seconds
Number of updated asset objects reloaded before import = 0Number of asset objects unloaded after import = 3

========================================================================
Received Import Request.
  Time since last request: 0.000021 seconds.
  path: Assets/Scripts/Glider.cs
  artifactKey: Guid(bacf542fc74029e459d29e9b90f6ebd6) Importer(2089858483,0ecaa5967403d082aa24f35e1b516d23)
Start importing Assets/Scripts/Glider.cs using Guid(bacf542fc74029e459d29e9b90f6ebd6) Importer(2089858483,0ecaa5967403d082aa24f35e1b516d23) (ScriptedImporter) -> (artifact id: 'd534a432c096f0ffe48cf14bc21c6032') in 0.0038112 seconds
Number of updated asset objects reloaded before import = 0Number of asset objects unloaded after import = 0

========================================================================
Received Import Request.
  Time since last request: 0.000080 seconds.
  path: Assets/Scripts/Explosion.cs
  artifactKey: Guid(df453bed836fdd24fa5203ac0bcec333) Importer(2089858483,0ecaa5967403d082aa24f35e1b516d23)
Start importing Assets/Scripts/Explosion.cs using Guid(df453bed836fdd24fa5203ac0bcec333) Importer(2089858483,0ecaa5967403d082aa24f35e1b516d23) (ScriptedImporter) -> (artifact id: '3ac31f6a1208e0f433f446575412086c') in 0.0037613 seconds
Number of updated asset objects reloaded before import = 0Number of asset objects unloaded after import = 0

========================================================================
Received Import Request.
  Time since last request: 0.000122 seconds.
  path: Assets/Sprites/Explosion/Explosion_00053.png
  artifactKey: Guid(cc44fab072ed511408e98927fa19d054) Importer(2089858483,0ecaa5967403d082aa24f35e1b516d23)
Start importing Assets/Sprites/Explosion/Explosion_00053.png using Guid(cc44fab072ed511408e98927fa19d054) Importer(2089858483,0ecaa5967403d082aa24f35e1b516d23) (ScriptedImporter) -> (artifact id: '1e0b587f6a87e594ee4a5373d0216aad') in 0.0131252 seconds
Number of updated asset objects reloaded before import = 0Number of asset objects unloaded after import = 3

========================================================================
Received Import Request.
  Time since last request: 0.000024 seconds.
  path: Assets/Sprites/Coin/frame-1.png
  artifactKey: Guid(6d639fa4c3239a04aa19b3287a71140a) Importer(2089858483,0ecaa5967403d082aa24f35e1b516d23)
Start importing Assets/Sprites/Coin/frame-1.png using Guid(6d639fa4c3239a04aa19b3287a71140a) Importer(2089858483,0ecaa5967403d082aa24f35e1b516d23) (ScriptedImporter) -> (artifact id: '5a59d0be824a60d86b8909710b7c4b04') in 0.012345 seconds
Number of updated asset objects reloaded before import = 0Number of asset objects unloaded after import = 1

========================================================================
Received Import Request.
  Time since last request: 0.000052 seconds.
  path: Assets/Sprites/Explosion/Explosion_00002.png
  artifactKey: Guid(11c609c53a89d7e4c985a61ce8b19340) Importer(2089858483,0ecaa5967403d082aa24f35e1b516d23)
Start importing Assets/Sprites/Explosion/Explosion_00002.png using Guid(11c609c53a89d7e4c985a61ce8b19340) Importer(2089858483,0ecaa5967403d082aa24f35e1b516d23) (ScriptedImporter) -> (artifact id: '6d35ed428d5d859428874683d3e698b2') in 0.012108 seconds
Number of updated asset objects reloaded before import = 0Number of asset objects unloaded after import = 3

========================================================================
Received Import Request.
  Time since last request: 0.000101 seconds.
  path: Assets/Audio/explosion_sound.wav
  artifactKey: Guid(ec48bc6fd0610e74090bfad745853ad5) Importer(2089858483,0ecaa5967403d082aa24f35e1b516d23)
Start importing Assets/Audio/explosion_sound.wav using Guid(ec48bc6fd0610e74090bfad745853ad5) Importer(2089858483,0ecaa5967403d082aa24f35e1b516d23) (ScriptedImporter) -> (artifact id: '73fc4947e2bcceba37c7a78a1c3e96c9') in 0.0326478 seconds
Number of updated asset objects reloaded before import = 0Number of asset objects unloaded after import = 1

========================================================================
Received Import Request.
  Time since last request: 0.000088 seconds.
  path: Assets/Sprites/Explosion/Explosion_00005.png
  artifactKey: Guid(96436914e71f02a4191cf6199ad49219) Importer(2089858483,0ecaa5967403d082aa24f35e1b516d23)
Start importing Assets/Sprites/Explosion/Explosion_00005.png using Guid(96436914e71f02a4191cf6199ad49219) Importer(2089858483,0ecaa5967403d082aa24f35e1b516d23) (ScriptedImporter) -> (artifact id: 'c03553f12916736ea1a88311a8499f85') in 0.011555 seconds
Number of updated asset objects reloaded before import = 0Number of asset objects unloaded after import = 3

========================================================================
Received Import Request.
  Time since last request: 0.000025 seconds.
  path: Assets/Sprites/Coin/frame-8.png
  artifactKey: Guid(d2d0aed36be0fd144a8e99d67057a527) Importer(2089858483,0ecaa5967403d082aa24f35e1b516d23)
Start importing Assets/Sprites/Coin/frame-8.png using Guid(d2d0aed36be0fd144a8e99d67057a527) Importer(2089858483,0ecaa5967403d082aa24f35e1b516d23) (ScriptedImporter) -> (artifact id: 'abaa1e6b3df2016e4d0bb82063dfd74e') in 0.011504 seconds
Number of updated asset objects reloaded before import = 0Number of asset objects unloaded after import = 1

========================================================================
Received Import Request.
  Time since last request: 0.000019 seconds.
  path: Assets/Sprites/planes.png
  artifactKey: Guid(d9a1f5578a2daf442b36a30c50ff1ff9) Importer(2089858483,0ecaa5967403d082aa24f35e1b516d23)
Start importing Assets/Sprites/planes.png using Guid(d9a1f5578a2daf442b36a30c50ff1ff9) Importer(2089858483,0ecaa5967403d082aa24f35e1b516d23) (ScriptedImporter) -> (artifact id: '885a525f72838ff8e18209bb6c06d02b') in 0.0127613 seconds
Number of updated asset objects reloaded before import = 0Number of asset objects unloaded after import = 1

========================================================================
Received Import Request.
  Time since last request: 0.000019 seconds.
  path: Assets/Sprites/Explosion/Explosion_00029.png
  artifactKey: Guid(98e4a6882acdcda4fa0234b8ec4b169e) Importer(2089858483,0ecaa5967403d082aa24f35e1b516d23)
Start importing Assets/Sprites/Explosion/Explosion_00029.png using Guid(98e4a6882acdcda4fa0234b8ec4b169e) Importer(2089858483,0ecaa5967403d082aa24f35e1b516d23) (ScriptedImporter) -> (artifact id: '7adf8a7f4ce72dfcb5d79e00d7cca6d5') in 0.010093 seconds
Number of updated asset objects reloaded before import = 0Number of asset objects unloaded after import = 3

========================================================================
Received Import Request.
  Time since last request: 0.000028 seconds.
  path: Assets/Sprites/Explosion/Explosion_00033.png
  artifactKey: Guid(d8b6dc29c16fcb94b8337c06b537efb8) Importer(2089858483,0ecaa5967403d082aa24f35e1b516d23)
Start importing Assets/Sprites/Explosion/Explosion_00033.png using Guid(d8b6dc29c16fcb94b8337c06b537efb8) Importer(2089858483,0ecaa5967403d082aa24f35e1b516d23) (ScriptedImporter) -> (artifact id: '1b8e3c15134d0584b420640f63bdfd66') in 0.0113986 seconds
Number of updated asset objects reloaded before import = 0Number of asset objects unloaded after import = 3

========================================================================
Received Import Request.
  Time since last request: 0.000022 seconds.
  path: Assets/Sprites/Explosion/Explosion_00047.png
  artifactKey: Guid(a0c5f6303f802104ca6011deeebeaaf6) Importer(2089858483,0ecaa5967403d082aa24f35e1b516d23)
Start importing Assets/Sprites/Explosion/Explosion_00047.png using Guid(a0c5f6303f802104ca6011deeebeaaf6) Importer(2089858483,0ecaa5967403d082aa24f35e1b516d23) (ScriptedImporter) -> (artifact id: '93795aacfa2c223ac4bbf5453ff0d355') in 0.0152566 seconds
Number of updated asset objects reloaded before import = 0Number of asset objects unloaded after import = 3

========================================================================
Received Import Request.
  Time since last request: 0.000034 seconds.
  path: Assets/Sprites/Coin/frame-5.png
  artifactKey: Guid(592bacb4e71af694dace86257b04bc23) Importer(2089858483,0ecaa5967403d082aa24f35e1b516d23)
Start importing Assets/Sprites/Coin/frame-5.png using Guid(592bacb4e71af694dace86257b04bc23) Importer(2089858483,0ecaa5967403d082aa24f35e1b516d23) (ScriptedImporter) -> (artifact id: 'ef7bf363872d7ccf68bad390417b9354') in 0.0157053 seconds
Number of updated asset objects reloaded before import = 0Number of asset objects unloaded after import = 1

========================================================================
Received Import Request.
  Time since last request: 0.000062 seconds.
  path: Assets/Prefab/Bullet.prefab
  artifactKey: Guid(b1eed6253aa069845b0edf3f90db799d) Importer(2089858483,0ecaa5967403d082aa24f35e1b516d23)
Start importing Assets/Prefab/Bullet.prefab using Guid(b1eed6253aa069845b0edf3f90db799d) Importer(2089858483,0ecaa5967403d082aa24f35e1b516d23) (ScriptedImporter) -> (artifact id: 'd439e521d67c46a7b96bbd23a3239d4e') in 0.0535648 seconds
Number of updated asset objects reloaded before import = 0Number of asset objects unloaded after import = 12

========================================================================
Received Import Request.
  Time since last request: 0.000027 seconds.
  path: Assets/Audio/coin.wav
  artifactKey: Guid(90b3ebbc618813a44b27143d1d188ff7) Importer(2089858483,0ecaa5967403d082aa24f35e1b516d23)
Start importing Assets/Audio/coin.wav using Guid(90b3ebbc618813a44b27143d1d188ff7) Importer(2089858483,0ecaa5967403d082aa24f35e1b516d23) (ScriptedImporter) -> (artifact id: '047543c9472338a2b60d3ec90cbe2655') in 0.0235486 seconds
Number of updated asset objects reloaded before import = 0Number of asset objects unloaded after import = 1

========================================================================
Received Import Request.
  Time since last request: 0.000051 seconds.
  path: Assets/Sprites/Explosion/Explosion_00020.png
  artifactKey: Guid(742b2698c1f5d114f88f3d2ce4cfe802) Importer(2089858483,0ecaa5967403d082aa24f35e1b516d23)
Start importing Assets/Sprites/Explosion/Explosion_00020.png using Guid(742b2698c1f5d114f88f3d2ce4cfe802) Importer(2089858483,0ecaa5967403d082aa24f35e1b516d23) (ScriptedImporter) -> (artifact id: '7403e27fb75fd7ae4aea73cbbc0f7135') in 0.0180381 seconds
Number of updated asset objects reloaded before import = 0Number of asset objects unloaded after import = 3

========================================================================
Received Import Request.
  Time since last request: 0.000064 seconds.
  path: Assets/Sprites/Explosion/Explosion_00057.png
  artifactKey: Guid(fbcbb0b31ce5fb64bb7acc662cd389ea) Importer(2089858483,0ecaa5967403d082aa24f35e1b516d23)
Start importing Assets/Sprites/Explosion/Explosion_00057.png using Guid(fbcbb0b31ce5fb64bb7acc662cd389ea) Importer(2089858483,0ecaa5967403d082aa24f35e1b516d23) (ScriptedImporter) -> (artifact id: '0d13954852f49b27847069d87023e920') in 0.0145526 seconds
Number of updated asset objects reloaded before import = 0Number of asset objects unloaded after import = 3

========================================================================
Received Import Request.
  Time since last request: 0.000027 seconds.
  path: Assets/Sprites/Bullets/4.png
  artifactKey: Guid(8fd46e02169dfb647b8d031d3bd28987) Importer(2089858483,0ecaa5967403d082aa24f35e1b516d23)
Start importing Assets/Sprites/Bullets/4.png using Guid(8fd46e02169dfb647b8d031d3bd28987) Importer(2089858483,0ecaa5967403d082aa24f35e1b516d23) (ScriptedImporter) -> (artifact id: '5a7d8cbd42e05d46909c666784905c53') in 0.0137864 seconds
Number of updated asset objects reloaded before import = 0Number of asset objects unloaded after import = 1

========================================================================
Received Import Request.
  Time since last request: 0.000060 seconds.
  path: Assets/Sprites/Coin/frame-7.png
  artifactKey: Guid(da8bfdcbd205bf4468c9daad09ab0dd0) Importer(2089858483,0ecaa5967403d082aa24f35e1b516d23)
Start importing Assets/Sprites/Coin/frame-7.png using Guid(da8bfdcbd205bf4468c9daad09ab0dd0) Importer(2089858483,0ecaa5967403d082aa24f35e1b516d23) (ScriptedImporter) -> (artifact id: 'aaa0f6da63c8d239bec9c1cfd40e2112') in 0.0130445 seconds
Number of updated asset objects reloaded before import = 0Number of asset objects unloaded after import = 1

========================================================================
Received Import Request.
  Time since last request: 0.000020 seconds.
  path: Assets/Sprites/Explosion/Explosion_00048.png
  artifactKey: Guid(c62552ec3a8eb16438e6b2c6c7f36c56) Importer(2089858483,0ecaa5967403d082aa24f35e1b516d23)
Start importing Assets/Sprites/Explosion/Explosion_00048.png using Guid(c62552ec3a8eb16438e6b2c6c7f36c56) Importer(2089858483,0ecaa5967403d082aa24f35e1b516d23) (ScriptedImporter) -> (artifact id: '02a6a1a94609221a53361845bba5c326') in 0.0147948 seconds
Number of updated asset objects reloaded before import = 0Number of asset objects unloaded after import = 3

========================================================================
Received Import Request.
  Time since last request: 0.000025 seconds.
  path: Assets/Sprites/Explosion/Explosion_00001.png
  artifactKey: Guid(416057d130420ce48985432b3ca15acd) Importer(2089858483,0ecaa5967403d082aa24f35e1b516d23)
Start importing Assets/Sprites/Explosion/Explosion_00001.png using Guid(416057d130420ce48985432b3ca15acd) Importer(2089858483,0ecaa5967403d082aa24f35e1b516d23) (ScriptedImporter) -> (artifact id: '0bd9b572577c838b60c839f234287cf4') in 0.0145444 seconds
Number of updated asset objects reloaded before import = 0Number of asset objects unloaded after import = 3

========================================================================
Received Import Request.
  Time since last request: 0.000047 seconds.
  path: Assets/Sprites/Explosion/Explosion_00025.png
  artifactKey: Guid(248e4409cf76bb845af510fe4f5c2880) Importer(2089858483,0ecaa5967403d082aa24f35e1b516d23)
Start importing Assets/Sprites/Explosion/Explosion_00025.png using Guid(248e4409cf76bb845af510fe4f5c2880) Importer(2089858483,0ecaa5967403d082aa24f35e1b516d23) (ScriptedImporter) -> (artifact id: 'c7f2c96f30bafad55fa23033e05a9657') in 0.0114233 seconds
Number of updated asset objects reloaded before import = 0Number of asset objects unloaded after import = 3

========================================================================
Received Import Request.
  Time since last request: 0.000027 seconds.
  path: Assets/Sprites/Explosion/Explosion_00056.png
  artifactKey: Guid(445da73fd945ffd4989899d9e8602b6f) Importer(2089858483,0ecaa5967403d082aa24f35e1b516d23)
Start importing Assets/Sprites/Explosion/Explosion_00056.png using Guid(445da73fd945ffd4989899d9e8602b6f) Importer(2089858483,0ecaa5967403d082aa24f35e1b516d23) (ScriptedImporter) -> (artifact id: '9541b10067752e01d435c858d9721eb4') in 0.0132382 seconds
Number of updated asset objects reloaded before import = 0Number of asset objects unloaded after import = 3

========================================================================
Received Import Request.
  Time since last request: 0.000023 seconds.
  path: Assets/Sprites/Explosion/Explosion_00006.png
  artifactKey: Guid(87995f2cc4b42ae4a8a64e0168f670fe) Importer(2089858483,0ecaa5967403d082aa24f35e1b516d23)
Start importing Assets/Sprites/Explosion/Explosion_00006.png using Guid(87995f2cc4b42ae4a8a64e0168f670fe) Importer(2089858483,0ecaa5967403d082aa24f35e1b516d23) (ScriptedImporter) -> (artifact id: '79323e99e7df0a455ec4dbe3d69f9a79') in 0.0115024 seconds
Number of updated asset objects reloaded before import = 0Number of asset objects unloaded after import = 3

========================================================================
Received Import Request.
  Time since last request: 0.000024 seconds.
  path: Assets/Sprites/Explosion/Explosion_00021.png
  artifactKey: Guid(f6dd05627127fc049985c45b047cefcb) Importer(2089858483,0ecaa5967403d082aa24f35e1b516d23)
Start importing Assets/Sprites/Explosion/Explosion_00021.png using Guid(f6dd05627127fc049985c45b047cefcb) Importer(2089858483,0ecaa5967403d082aa24f35e1b516d23) (ScriptedImporter) -> (artifact id: '482a6f2bfd1ccb6380c91fdc58c733c1') in 0.0126493 seconds
Number of updated asset objects reloaded before import = 0Number of asset objects unloaded after import = 3

========================================================================
Received Import Request.
  Time since last request: 0.000020 seconds.
  path: Assets/Audio/music.wav
  artifactKey: Guid(ae2f26e216f9f6f46b604650104e9b24) Importer(2089858483,0ecaa5967403d082aa24f35e1b516d23)
Start importing Assets/Audio/music.wav using Guid(ae2f26e216f9f6f46b604650104e9b24) Importer(2089858483,0ecaa5967403d082aa24f35e1b516d23) (ScriptedImporter) -> (artifact id: '332da4470309aea349fde67686b7b486') in 0.0321844 seconds
Number of updated asset objects reloaded before import = 0Number of asset objects unloaded after import = 1

========================================================================
Received Import Request.
  Time since last request: 0.000080 seconds.
  path: Assets/Sprites/Explosion/Explosion_00078.png
  artifactKey: Guid(20be9ac50db461844b41e9729aa02c98) Importer(2089858483,0ecaa5967403d082aa24f35e1b516d23)
Start importing Assets/Sprites/Explosion/Explosion_00078.png using Guid(20be9ac50db461844b41e9729aa02c98) Importer(2089858483,0ecaa5967403d082aa24f35e1b516d23) (ScriptedImporter) -> (artifact id: 'bb9aabe0e564a9b41334a2f7bb8b2c21') in 0.0113482 seconds
Number of updated asset objects reloaded before import = 0Number of asset objects unloaded after import = 3

========================================================================
Received Import Request.
  Time since last request: 0.000023 seconds.
  path: Assets/Sprites/Explosion/Explosion_00098.png
  artifactKey: Guid(c1e14bed3e7df4a4aaf7c967646f1daf) Importer(2089858483,0ecaa5967403d082aa24f35e1b516d23)
Start importing Assets/Sprites/Explosion/Explosion_00098.png using Guid(c1e14bed3e7df4a4aaf7c967646f1daf) Importer(2089858483,0ecaa5967403d082aa24f35e1b516d23) (ScriptedImporter) -> (artifact id: 'b3a5fedd879d5f93f11c139ef2e38786') in 0.0104519 seconds
Number of updated asset objects reloaded before import = 0Number of asset objects unloaded after import = 3

========================================================================
Received Import Request.
  Time since last request: 0.000023 seconds.
  path: Assets/Sprites/Explosion/Explosion_00087.png
  artifactKey: Guid(71be7eacfadb14745a44c98aa4af5768) Importer(2089858483,0ecaa5967403d082aa24f35e1b516d23)
Start importing Assets/Sprites/Explosion/Explosion_00087.png using Guid(71be7eacfadb14745a44c98aa4af5768) Importer(2089858483,0ecaa5967403d082aa24f35e1b516d23) (ScriptedImporter) -> (artifact id: 'e340fe567d7e6e6eb321a9816f83d189') in 0.01197 seconds
Number of updated asset objects reloaded before import = 0Number of asset objects unloaded after import = 3

========================================================================
Received Import Request.
  Time since last request: 0.000026 seconds.
  path: Assets/Sprites/Explosion/Explosion_00112.png
  artifactKey: Guid(74f2a9f3a58659b4bbbf67d9ff1e50ef) Importer(2089858483,0ecaa5967403d082aa24f35e1b516d23)
Start importing Assets/Sprites/Explosion/Explosion_00112.png using Guid(74f2a9f3a58659b4bbbf67d9ff1e50ef) Importer(2089858483,0ecaa5967403d082aa24f35e1b516d23) (ScriptedImporter) -> (artifact id: '1ae03f4e0c0b789711071f6a4f36e2b4') in 0.0122485 seconds
Number of updated asset objects reloaded before import = 0Number of asset objects unloaded after import = 3

========================================================================
Received Import Request.
  Time since last request: 0.000020 seconds.
  path: Assets/Sprites/Explosion/Explosion_00101.png
  artifactKey: Guid(c1f47b6689f1a854ebfeb884e43dc5d6) Importer(2089858483,0ecaa5967403d082aa24f35e1b516d23)
Start importing Assets/Sprites/Explosion/Explosion_00101.png using Guid(c1f47b6689f1a854ebfeb884e43dc5d6) Importer(2089858483,0ecaa5967403d082aa24f35e1b516d23) (ScriptedImporter) -> (artifact id: '88bcc415d028ce3ab18539c45b2e6727') in 0.0125371 seconds
Number of updated asset objects reloaded before import = 0Number of asset objects unloaded after import = 3

========================================================================
Received Import Request.
  Time since last request: 0.000023 seconds.
  path: Assets/Sprites/Explosion/Explosion_00111.png
  artifactKey: Guid(1bfc56aadfefa3347a48e80cce0af8ee) Importer(2089858483,0ecaa5967403d082aa24f35e1b516d23)
Start importing Assets/Sprites/Explosion/Explosion_00111.png using Guid(1bfc56aadfefa3347a48e80cce0af8ee) Importer(2089858483,0ecaa5967403d082aa24f35e1b516d23) (ScriptedImporter) -> (artifact id: 'cd15e1da1d50684f4afe797300a8cac3') in 0.0110948 seconds
Number of updated asset objects reloaded before import = 0Number of asset objects unloaded after import = 3

========================================================================
Received Import Request.
  Time since last request: 0.000018 seconds.
  path: Assets/Sprites/Explosion/Explosion_00089.png
  artifactKey: Guid(f39a4d09811cbd84db04e412ea5511d2) Importer(2089858483,0ecaa5967403d082aa24f35e1b516d23)
Start importing Assets/Sprites/Explosion/Explosion_00089.png using Guid(f39a4d09811cbd84db04e412ea5511d2) Importer(2089858483,0ecaa5967403d082aa24f35e1b516d23) (ScriptedImporter) -> (artifact id: 'a3a510189e8b0122acef12d62354c5bb') in 0.0104388 seconds
Number of updated asset objects reloaded before import = 0Number of asset objects unloaded after import = 3

========================================================================
Received Import Request.
  Time since last request: 0.000021 seconds.
  path: Assets/Sprites/Explosion/Explosion_00110.png
  artifactKey: Guid(340a3105586d9994b8788c37cef04026) Importer(2089858483,0ecaa5967403d082aa24f35e1b516d23)
Start importing Assets/Sprites/Explosion/Explosion_00110.png using Guid(340a3105586d9994b8788c37cef04026) Importer(2089858483,0ecaa5967403d082aa24f35e1b516d23) (ScriptedImporter) -> (artifact id: '78059610384f6c2ce12d535271175ce0') in 0.0110763 seconds
Number of updated asset objects reloaded before import = 0Number of asset objects unloaded after import = 3

========================================================================
Received Import Request.
  Time since last request: 0.000017 seconds.
  path: Assets/Sprites/Explosion/Explosion_00113.png
  artifactKey: Guid(098591933b508d9469dff97bbc6726d8) Importer(2089858483,0ecaa5967403d082aa24f35e1b516d23)
Start importing Assets/Sprites/Explosion/Explosion_00113.png using Guid(098591933b508d9469dff97bbc6726d8) Importer(2089858483,0ecaa5967403d082aa24f35e1b516d23) (ScriptedImporter) -> (artifact id: '05d5dbb95ea8efb440f800aa508f36ab') in 0.0111434 seconds
Number of updated asset objects reloaded before import = 0Number of asset objects unloaded after import = 3

========================================================================
Received Import Request.
  Time since last request: 0.000022 seconds.
  path: Assets/Sprites/Explosion/Explosion_00115.png
  artifactKey: Guid(d92b3608ba6eabb45b99a51773b658e7) Importer(2089858483,0ecaa5967403d082aa24f35e1b516d23)
Start importing Assets/Sprites/Explosion/Explosion_00115.png using Guid(d92b3608ba6eabb45b99a51773b658e7) Importer(2089858483,0ecaa5967403d082aa24f35e1b516d23) (ScriptedImporter) -> (artifact id: 'ecdf5dacaf85fe856ffdf9df4b65b01c') in 0.0110098 seconds
Number of updated asset objects reloaded before import = 0Number of asset objects unloaded after import = 3

========================================================================
Received Import Request.
  Time since last request: 0.000043 seconds.
  path: Assets/Sprites/Explosion/Explosion_00084.png
  artifactKey: Guid(b13ab40fecdcb6d498041a9a4209cc3e) Importer(2089858483,0ecaa5967403d082aa24f35e1b516d23)
Start importing Assets/Sprites/Explosion/Explosion_00084.png using Guid(b13ab40fecdcb6d498041a9a4209cc3e) Importer(2089858483,0ecaa5967403d082aa24f35e1b516d23) (ScriptedImporter) -> (artifact id: '83c01eefac0992c415064a86d3008f09') in 0.0132889 seconds
Number of updated asset objects reloaded before import = 0Number of asset objects unloaded after import = 3

========================================================================
Received Import Request.
  Time since last request: 0.000035 seconds.
  path: Assets/Sprites/Explosion/Explosion_00116.png
  artifactKey: Guid(3c7cfc5b6224e5e469990a765a0818e9) Importer(2089858483,0ecaa5967403d082aa24f35e1b516d23)
Start importing Assets/Sprites/Explosion/Explosion_00116.png using Guid(3c7cfc5b6224e5e469990a765a0818e9) Importer(2089858483,0ecaa5967403d082aa24f35e1b516d23) (ScriptedImporter) -> (artifact id: 'b552993ddb4ee94945fa59dd692e8b21') in 0.0112706 seconds
Number of updated asset objects reloaded before import = 0Number of asset objects unloaded after import = 3

========================================================================
Received Import Request.
  Time since last request: 0.000029 seconds.
  path: Assets/Sprites/Explosion/Explosion_00061.png
  artifactKey: Guid(02459df26ec212e40a1bcba60d3c40f2) Importer(2089858483,0ecaa5967403d082aa24f35e1b516d23)
Start importing Assets/Sprites/Explosion/Explosion_00061.png using Guid(02459df26ec212e40a1bcba60d3c40f2) Importer(2089858483,0ecaa5967403d082aa24f35e1b516d23) (ScriptedImporter) -> (artifact id: '0e8c272d8d39edce5dc087ac95b940b2') in 0.0126553 seconds
Number of updated asset objects reloaded before import = 0Number of asset objects unloaded after import = 3

========================================================================
Received Import Request.
  Time since last request: 0.000017 seconds.
  path: Assets/Sprites/Explosion/Explosion_00108.png
  artifactKey: Guid(e5185ad3206cd7445b06bba04efb9f22) Importer(2089858483,0ecaa5967403d082aa24f35e1b516d23)
Start importing Assets/Sprites/Explosion/Explosion_00108.png using Guid(e5185ad3206cd7445b06bba04efb9f22) Importer(2089858483,0ecaa5967403d082aa24f35e1b516d23) (ScriptedImporter) -> (artifact id: '2246a4a718d5361ac131af45c3a6ab01') in 0.0147426 seconds
Number of updated asset objects reloaded before import = 0Number of asset objects unloaded after import = 3

========================================================================
Received Import Request.
  Time since last request: 0.000020 seconds.
  path: Assets/Sprites/Explosion/Explosion_00079.png
  artifactKey: Guid(7cb37e0fd7014a245ad5c95e4191ba45) Importer(2089858483,0ecaa5967403d082aa24f35e1b516d23)
Start importing Assets/Sprites/Explosion/Explosion_00079.png using Guid(7cb37e0fd7014a245ad5c95e4191ba45) Importer(2089858483,0ecaa5967403d082aa24f35e1b516d23) (ScriptedImporter) -> (artifact id: '1871151d41b8957d84f8ef9a7156492a') in 0.0125955 seconds
Number of updated asset objects reloaded before import = 0Number of asset objects unloaded after import = 3

========================================================================
Received Import Request.
  Time since last request: 0.000017 seconds.
  path: Assets/Sprites/Explosion/Explosion_00080.png
  artifactKey: Guid(2e4df32b6ea2a6640af014685edbd0a6) Importer(2089858483,0ecaa5967403d082aa24f35e1b516d23)
Start importing Assets/Sprites/Explosion/Explosion_00080.png using Guid(2e4df32b6ea2a6640af014685edbd0a6) Importer(2089858483,0ecaa5967403d082aa24f35e1b516d23) (ScriptedImporter) -> (artifact id: 'f2695355c048e3705094e32e3051fdf0') in 0.0123707 seconds
Number of updated asset objects reloaded before import = 0Number of asset objects unloaded after import = 3

========================================================================
Received Import Request.
  Time since last request: 0.000016 seconds.
  path: Assets/Sprites/Explosion/Explosion_00107.png
  artifactKey: Guid(b9fba508d6d0cd74f9895aea2b651a03) Importer(2089858483,0ecaa5967403d082aa24f35e1b516d23)
Start importing Assets/Sprites/Explosion/Explosion_00107.png using Guid(b9fba508d6d0cd74f9895aea2b651a03) Importer(2089858483,0ecaa5967403d082aa24f35e1b516d23) (ScriptedImporter) -> (artifact id: '9653fe64624b250bbd1ed0923ac29e0d') in 0.0115383 seconds
Number of updated asset objects reloaded before import = 0Number of asset objects unloaded after import = 3

========================================================================
Received Import Request.
  Time since last request: 0.000019 seconds.
  path: Assets/Sprites/Explosion/Explosion_00083.png
  artifactKey: Guid(a3f398c41fdd0e34cbb0a7725bcc666c) Importer(2089858483,0ecaa5967403d082aa24f35e1b516d23)
Start importing Assets/Sprites/Explosion/Explosion_00083.png using Guid(a3f398c41fdd0e34cbb0a7725bcc666c) Importer(2089858483,0ecaa5967403d082aa24f35e1b516d23) (ScriptedImporter) -> (artifact id: '9261b314cb24e111f7b45350858f28e6') in 0.0109742 seconds
Number of updated asset objects reloaded before import = 0Number of asset objects unloaded after import = 3

========================================================================
Received Import Request.
  Time since last request: 0.000015 seconds.
  path: Assets/Sprites/Explosion/Explosion_00070.png
  artifactKey: Guid(a924e030a30aad447b3c490aff1ebafd) Importer(2089858483,0ecaa5967403d082aa24f35e1b516d23)
Start importing Assets/Sprites/Explosion/Explosion_00070.png using Guid(a924e030a30aad447b3c490aff1ebafd) Importer(2089858483,0ecaa5967403d082aa24f35e1b516d23) (ScriptedImporter) -> (artifact id: 'bb9c3ef50c38e9768e5283c96d15fa4f') in 0.0124486 seconds
Number of updated asset objects reloaded before import = 0Number of asset objects unloaded after import = 3

========================================================================
Received Import Request.
  Time since last request: 0.000019 seconds.
  path: Assets/Sprites/Explosion/Explosion_00097.png
  artifactKey: Guid(e2697b6e61b16fd47b64ca2091aec1bc) Importer(2089858483,0ecaa5967403d082aa24f35e1b516d23)
Start importing Assets/Sprites/Explosion/Explosion_00097.png using Guid(e2697b6e61b16fd47b64ca2091aec1bc) Importer(2089858483,0ecaa5967403d082aa24f35e1b516d23) (ScriptedImporter) -> (artifact id: '3ff9600d29803c7ebc8d338ff76bc872') in 0.01264 seconds
Number of updated asset objects reloaded before import = 0Number of asset objects unloaded after import = 3

========================================================================
Received Import Request.
  Time since last request: 0.000018 seconds.
  path: Assets/Sprites/Explosion/Explosion_00094.png
  artifactKey: Guid(0e043b58c1e23c14bb92cac1fd4dcee1) Importer(2089858483,0ecaa5967403d082aa24f35e1b516d23)
Start importing Assets/Sprites/Explosion/Explosion_00094.png using Guid(0e043b58c1e23c14bb92cac1fd4dcee1) Importer(2089858483,0ecaa5967403d082aa24f35e1b516d23) (ScriptedImporter) -> (artifact id: '1498403abd4b6d6eb4796424b31959f7') in 0.0113914 seconds
Number of updated asset objects reloaded before import = 0Number of asset objects unloaded after import = 3

========================================================================
Received Import Request.
  Time since last request: 0.000016 seconds.
  path: Assets/Sprites/Explosion/Explosion_00074.png
  artifactKey: Guid(e070f24ffafd65f41a8d971c879e4fa7) Importer(2089858483,0ecaa5967403d082aa24f35e1b516d23)
Start importing Assets/Sprites/Explosion/Explosion_00074.png using Guid(e070f24ffafd65f41a8d971c879e4fa7) Importer(2089858483,0ecaa5967403d082aa24f35e1b516d23) (ScriptedImporter) -> (artifact id: 'afe4b3957ac0c85553b558258ae09cf3') in 0.0112505 seconds
Number of updated asset objects reloaded before import = 0Number of asset objects unloaded after import = 3

========================================================================
Received Import Request.
  Time since last request: 0.000018 seconds.
  path: Assets/Sprites/Explosion/Explosion_00019.png
  artifactKey: Guid(f73db24a204763643a6fa195da802179) Importer(2089858483,0ecaa5967403d082aa24f35e1b516d23)
Start importing Assets/Sprites/Explosion/Explosion_00019.png using Guid(f73db24a204763643a6fa195da802179) Importer(2089858483,0ecaa5967403d082aa24f35e1b516d23) (ScriptedImporter) -> (artifact id: '0c7009bd95e2c47c43a976267a773b8c') in 0.0110714 seconds
Number of updated asset objects reloaded before import = 0Number of asset objects unloaded after import = 3

========================================================================
Received Import Request.
  Time since last request: 0.000019 seconds.
  path: Assets/Sprites/Explosion/Explosion_00068.png
  artifactKey: Guid(e7d42550534dff44eb3facad9b829e1a) Importer(2089858483,0ecaa5967403d082aa24f35e1b516d23)
Start importing Assets/Sprites/Explosion/Explosion_00068.png using Guid(e7d42550534dff44eb3facad9b829e1a) Importer(2089858483,0ecaa5967403d082aa24f35e1b516d23) (ScriptedImporter) -> (artifact id: '704933d5d2a4e1ba3ddfbbb63c4cb0c4') in 0.0119118 seconds
Number of updated asset objects reloaded before import = 0Number of asset objects unloaded after import = 3

========================================================================
Received Import Request.
  Time since last request: 0.000051 seconds.
  path: Assets/Sprites/Coin/frame-4.png
  artifactKey: Guid(dde994949aeaed44c9deffcafa1a03ef) Importer(2089858483,0ecaa5967403d082aa24f35e1b516d23)
Start importing Assets/Sprites/Coin/frame-4.png using Guid(dde994949aeaed44c9deffcafa1a03ef) Importer(2089858483,0ecaa5967403d082aa24f35e1b516d23) (ScriptedImporter) -> (artifact id: '85f79f7577254b3a1d062047aec7530b') in 0.0144215 seconds
Number of updated asset objects reloaded before import = 0Number of asset objects unloaded after import = 1

========================================================================
Received Import Request.
  Time since last request: 0.000078 seconds.
  path: Assets/Sprites/Explosion/Explosion_00039.png
  artifactKey: Guid(98e0a578da3c06846b75879872b80c10) Importer(2089858483,0ecaa5967403d082aa24f35e1b516d23)
Start importing Assets/Sprites/Explosion/Explosion_00039.png using Guid(98e0a578da3c06846b75879872b80c10) Importer(2089858483,0ecaa5967403d082aa24f35e1b516d23) (ScriptedImporter) -> (artifact id: '40d6926883ce0ad87ec4a6fbbab96133') in 0.0124647 seconds
Number of updated asset objects reloaded before import = 0Number of asset objects unloaded after import = 3

========================================================================
Received Import Request.
  Time since last request: 0.000018 seconds.
  path: Assets/Sprites/Coin/frame-3.png
  artifactKey: Guid(d85f96bcf24b0924096992b388892cd6) Importer(2089858483,0ecaa5967403d082aa24f35e1b516d23)
Start importing Assets/Sprites/Coin/frame-3.png using Guid(d85f96bcf24b0924096992b388892cd6) Importer(2089858483,0ecaa5967403d082aa24f35e1b516d23) (ScriptedImporter) -> (artifact id: '50a97f38c24176b1b591e3595daecbb7') in 0.0121962 seconds
Number of updated asset objects reloaded before import = 0Number of asset objects unloaded after import = 1

========================================================================
Received Import Request.
  Time since last request: 0.000068 seconds.
  path: Assets/Sprites/Bullets/5.png
  artifactKey: Guid(3e5399f4eba3f5c4699664c07a0d25f6) Importer(2089858483,0ecaa5967403d082aa24f35e1b516d23)
Start importing Assets/Sprites/Bullets/5.png using Guid(3e5399f4eba3f5c4699664c07a0d25f6) Importer(2089858483,0ecaa5967403d082aa24f35e1b516d23) (ScriptedImporter) -> (artifact id: 'e5dd517b940ddb2a2b4d6d0c4c8be9d3') in 0.0122787 seconds
Number of updated asset objects reloaded before import = 0Number of asset objects unloaded after import = 1

========================================================================
Received Import Request.
  Time since last request: 0.000098 seconds.
  path: Assets/Sprites/Explosion/Explosion_00016.png
  artifactKey: Guid(aaaa9966750e6714e8fb66ed9c3f336a) Importer(2089858483,0ecaa5967403d082aa24f35e1b516d23)
Start importing Assets/Sprites/Explosion/Explosion_00016.png using Guid(aaaa9966750e6714e8fb66ed9c3f336a) Importer(2089858483,0ecaa5967403d082aa24f35e1b516d23) (ScriptedImporter) -> (artifact id: 'b83c23751b55c2d970e42a41f6c37928') in 0.0165103 seconds
Number of updated asset objects reloaded before import = 0Number of asset objects unloaded after import = 3

========================================================================
Received Import Request.
  Time since last request: 0.000016 seconds.
  path: Assets/Sprites/Explosion/Explosion_00060.png
  artifactKey: Guid(8bce370fd17e1a74393387facbac2bfe) Importer(2089858483,0ecaa5967403d082aa24f35e1b516d23)
Start importing Assets/Sprites/Explosion/Explosion_00060.png using Guid(8bce370fd17e1a74393387facbac2bfe) Importer(2089858483,0ecaa5967403d082aa24f35e1b516d23) (ScriptedImporter) -> (artifact id: '4eb539d85347f8c1c19cd355cbf38c30') in 0.0108689 seconds
Number of updated asset objects reloaded before import = 0Number of asset objects unloaded after import = 3

========================================================================
Received Import Request.
  Time since last request: 0.000020 seconds.
  path: Assets/Sprites/Explosion/Explosion_00105.png
  artifactKey: Guid(346020f3bbdca4240a637ef2218c73ee) Importer(2089858483,0ecaa5967403d082aa24f35e1b516d23)
Start importing Assets/Sprites/Explosion/Explosion_00105.png using Guid(346020f3bbdca4240a637ef2218c73ee) Importer(2089858483,0ecaa5967403d082aa24f35e1b516d23) (ScriptedImporter) -> (artifact id: 'd3aee15e1b9852aee5bb34927bc30fb0') in 0.0118144 seconds
Number of updated asset objects reloaded before import = 0Number of asset objects unloaded after import = 3

========================================================================
Received Import Request.
  Time since last request: 0.000027 seconds.
  path: Assets/Sprites/Explosion/Explosion_00054.png
  artifactKey: Guid(e73290b5cbf303e4f9010ce8e4e6c52f) Importer(2089858483,0ecaa5967403d082aa24f35e1b516d23)
Start importing Assets/Sprites/Explosion/Explosion_00054.png using Guid(e73290b5cbf303e4f9010ce8e4e6c52f) Importer(2089858483,0ecaa5967403d082aa24f35e1b516d23) (ScriptedImporter) -> (artifact id: '8ca5d166a3388006b71cadeea93994f6') in 0.011768 seconds
Number of updated asset objects reloaded before import = 0Number of asset objects unloaded after import = 3

========================================================================
Received Import Request.
  Time since last request: 0.000024 seconds.
  path: Assets/Scripts/PlayerController.cs
  artifactKey: Guid(d6cd60caef9c0cb4eac00f38203cd42c) Importer(2089858483,0ecaa5967403d082aa24f35e1b516d23)
Start importing Assets/Scripts/PlayerController.cs using Guid(d6cd60caef9c0cb4eac00f38203cd42c) Importer(2089858483,0ecaa5967403d082aa24f35e1b516d23) (ScriptedImporter) -> (artifact id: '6d60955201a95d52989d6cba3f636437') in 0.0041546 seconds
Number of updated asset objects reloaded before import = 0Number of asset objects unloaded after import = 0

========================================================================
Received Import Request.
  Time since last request: 0.000131 seconds.
  path: Assets/Sprites/Explosion/Explosion_00000.png
  artifactKey: Guid(493665692101bf047ba0234b472dc345) Importer(2089858483,0ecaa5967403d082aa24f35e1b516d23)
Start importing Assets/Sprites/Explosion/Explosion_00000.png using Guid(493665692101bf047ba0234b472dc345) Importer(2089858483,0ecaa5967403d082aa24f35e1b516d23) (ScriptedImporter) -> (artifact id: 'cda1ef95f64fe335b6e46f87a5b19d43') in 0.0122939 seconds
Number of updated asset objects reloaded before import = 0Number of asset objects unloaded after import = 3

========================================================================
Received Import Request.
  Time since last request: 0.000024 seconds.
  path: Assets/Sprites/Explosion/Explosion_00040.png
  artifactKey: Guid(a55ac6e12a396154a85b4005d63d8952) Importer(2089858483,0ecaa5967403d082aa24f35e1b516d23)
Start importing Assets/Sprites/Explosion/Explosion_00040.png using Guid(a55ac6e12a396154a85b4005d63d8952) Importer(2089858483,0ecaa5967403d082aa24f35e1b516d23) (ScriptedImporter) -> (artifact id: '2e882897af22fe13204b686f112c7b83') in 0.012424 seconds
Number of updated asset objects reloaded before import = 0Number of asset objects unloaded after import = 3

========================================================================
Received Import Request.
  Time since last request: 0.000017 seconds.
  path: Assets/Sprites/Explosion/Explosion_00093.png
  artifactKey: Guid(94fbdee882a8e09458d420ea0c869459) Importer(2089858483,0ecaa5967403d082aa24f35e1b516d23)
Start importing Assets/Sprites/Explosion/Explosion_00093.png using Guid(94fbdee882a8e09458d420ea0c869459) Importer(2089858483,0ecaa5967403d082aa24f35e1b516d23) (ScriptedImporter) -> (artifact id: '31f3960465aeca236be3ee4df2ad24e4') in 0.0141811 seconds
Number of updated asset objects reloaded before import = 0Number of asset objects unloaded after import = 3

========================================================================
Received Import Request.
  Time since last request: 0.000021 seconds.
  path: Assets/Sprites/Explosion/Explosion_00092.png
  artifactKey: Guid(3a969ff0630f8c24aa6b06cbee8b6244) Importer(2089858483,0ecaa5967403d082aa24f35e1b516d23)
Start importing Assets/Sprites/Explosion/Explosion_00092.png using Guid(3a969ff0630f8c24aa6b06cbee8b6244) Importer(2089858483,0ecaa5967403d082aa24f35e1b516d23) (ScriptedImporter) -> (artifact id: '4551fee21d8345a58c8d9a3b046ffe06') in 0.014475 seconds
Number of updated asset objects reloaded before import = 0Number of asset objects unloaded after import = 3

========================================================================
Received Import Request.
  Time since last request: 0.000023 seconds.
  path: Assets/Sprites/Explosion/Explosion_00035.png
  artifactKey: Guid(50018093c87d446429ca5812dc5fa75c) Importer(2089858483,0ecaa5967403d082aa24f35e1b516d23)
Start importing Assets/Sprites/Explosion/Explosion_00035.png using Guid(50018093c87d446429ca5812dc5fa75c) Importer(2089858483,0ecaa5967403d082aa24f35e1b516d23) (ScriptedImporter) -> (artifact id: 'e983b14573b0ab5c6ec87c7958ba04e5') in 0.013049 seconds
Number of updated asset objects reloaded before import = 0Number of asset objects unloaded after import = 3

========================================================================
Received Import Request.
  Time since last request: 0.000023 seconds.
  path: Assets/Sprites/Explosion/Explosion_00051.png
  artifactKey: Guid(1d22e6cd0ae6c6e4984129617f6ecd56) Importer(2089858483,0ecaa5967403d082aa24f35e1b516d23)
Start importing Assets/Sprites/Explosion/Explosion_00051.png using Guid(1d22e6cd0ae6c6e4984129617f6ecd56) Importer(2089858483,0ecaa5967403d082aa24f35e1b516d23) (ScriptedImporter) -> (artifact id: 'c231a9b477b5ffa1ab1d64c40473aff7') in 0.0115915 seconds
Number of updated asset objects reloaded before import = 0Number of asset objects unloaded after import = 3

========================================================================
Received Import Request.
  Time since last request: 0.000132 seconds.
  path: Assets/Sprites/Explosion/Explosion_00012.png
  artifactKey: Guid(179e839bb185bde49b4fe0e67b5a5b9b) Importer(2089858483,0ecaa5967403d082aa24f35e1b516d23)
Start importing Assets/Sprites/Explosion/Explosion_00012.png using Guid(179e839bb185bde49b4fe0e67b5a5b9b) Importer(2089858483,0ecaa5967403d082aa24f35e1b516d23) (ScriptedImporter) -> (artifact id: '7399c2ad6a6076d9f1c595205315e1ef') in 0.013099 seconds
Number of updated asset objects reloaded before import = 0Number of asset objects unloaded after import = 3

========================================================================
Received Import Request.
  Time since last request: 0.000025 seconds.
  path: Assets/Sprites/Explosion/Explosion_00100.png
  artifactKey: Guid(8bab0ea99e010904293ac1dceffe01b7) Importer(2089858483,0ecaa5967403d082aa24f35e1b516d23)
Start importing Assets/Sprites/Explosion/Explosion_00100.png using Guid(8bab0ea99e010904293ac1dceffe01b7) Importer(2089858483,0ecaa5967403d082aa24f35e1b516d23) (ScriptedImporter) -> (artifact id: 'a90df0aa118d059c9ccae1e172bc087a') in 0.0160226 seconds
Number of updated asset objects reloaded before import = 0Number of asset objects unloaded after import = 3

========================================================================
Received Import Request.
  Time since last request: 0.000035 seconds.
  path: Assets/Sprites/Power Ups/frame-8.png
  artifactKey: Guid(58edaa0f0c530d14ea0dc60f6e3794c6) Importer(2089858483,0ecaa5967403d082aa24f35e1b516d23)
Start importing Assets/Sprites/Power Ups/frame-8.png using Guid(58edaa0f0c530d14ea0dc60f6e3794c6) Importer(2089858483,0ecaa5967403d082aa24f35e1b516d23) (ScriptedImporter) -> (artifact id: '48225fd897c6b92521c1c2b0702a3e85') in 0.0123929 seconds
Number of updated asset objects reloaded before import = 0Number of asset objects unloaded after import = 1

========================================================================
Received Import Request.
  Time since last request: 0.000031 seconds.
  path: Assets/Sprites/Explosion/Explosion_00151.png
  artifactKey: Guid(5b8347fa07030f24780c4fcf3c398f15) Importer(2089858483,0ecaa5967403d082aa24f35e1b516d23)
Start importing Assets/Sprites/Explosion/Explosion_00151.png using Guid(5b8347fa07030f24780c4fcf3c398f15) Importer(2089858483,0ecaa5967403d082aa24f35e1b516d23) (ScriptedImporter) -> (artifact id: '04b1827255d1b92cae66a6a1fa1fb506') in 0.0120985 seconds
Number of updated asset objects reloaded before import = 0Number of asset objects unloaded after import = 3

========================================================================
Received Import Request.
  Time since last request: 0.000021 seconds.
  path: Assets/Sprites/Player_Shield/Shields_00014.png
  artifactKey: Guid(320ade8ffd99c6f4b99f55cf8ec0ac8a) Importer(2089858483,0ecaa5967403d082aa24f35e1b516d23)
Start importing Assets/Sprites/Player_Shield/Shields_00014.png using Guid(320ade8ffd99c6f4b99f55cf8ec0ac8a) Importer(2089858483,0ecaa5967403d082aa24f35e1b516d23) (ScriptedImporter) -> (artifact id: 'c955ab659c1df953e70f31891b3db9f2') in 0.0136274 seconds
Number of updated asset objects reloaded before import = 0Number of asset objects unloaded after import = 1

========================================================================
Received Import Request.
  Time since last request: 0.000028 seconds.
  path: Assets/Sprites/Explosion/Explosion_00150.png
  artifactKey: Guid(6f3d1d5bf65461347bbdee242e3e6bd1) Importer(2089858483,0ecaa5967403d082aa24f35e1b516d23)
Start importing Assets/Sprites/Explosion/Explosion_00150.png using Guid(6f3d1d5bf65461347bbdee242e3e6bd1) Importer(2089858483,0ecaa5967403d082aa24f35e1b516d23) (ScriptedImporter) -> (artifact id: '7b2cdecee4b3f82033cc9b80572a9b79') in 0.0136609 seconds
Number of updated asset objects reloaded before import = 0Number of asset objects unloaded after import = 3

========================================================================
Received Import Request.
  Time since last request: 0.000031 seconds.
  path: Assets/Sprites/Player_Shield/Shields_00011.png
  artifactKey: Guid(a532da9bb22649d41a4f53ff184d58d9) Importer(2089858483,0ecaa5967403d082aa24f35e1b516d23)
Start importing Assets/Sprites/Player_Shield/Shields_00011.png using Guid(a532da9bb22649d41a4f53ff184d58d9) Importer(2089858483,0ecaa5967403d082aa24f35e1b516d23) (ScriptedImporter) -> (artifact id: '37f3cee874da183252c4a2c3c68101d0') in 0.0114683 seconds
Number of updated asset objects reloaded before import = 0Number of asset objects unloaded after import = 1

========================================================================
Received Import Request.
  Time since last request: 0.000020 seconds.
  path: Assets/Sprites/Player_Shield/Shields_00001.png
  artifactKey: Guid(a4154050dee648749b64a30a1cac45c9) Importer(2089858483,0ecaa5967403d082aa24f35e1b516d23)
Start importing Assets/Sprites/Player_Shield/Shields_00001.png using Guid(a4154050dee648749b64a30a1cac45c9) Importer(2089858483,0ecaa5967403d082aa24f35e1b516d23) (ScriptedImporter) -> (artifact id: '0567219b50f6a77a907344ef78703579') in 0.015538 seconds
Number of updated asset objects reloaded before import = 0Number of asset objects unloaded after import = 1

========================================================================
Received Import Request.
  Time since last request: 0.000042 seconds.
  path: Assets/Sprites/Explosion/Explosion_00152.png
  artifactKey: Guid(b90378235c78d73439da803fbb4ed84e) Importer(2089858483,0ecaa5967403d082aa24f35e1b516d23)
Start importing Assets/Sprites/Explosion/Explosion_00152.png using Guid(b90378235c78d73439da803fbb4ed84e) Importer(2089858483,0ecaa5967403d082aa24f35e1b516d23) (ScriptedImporter) -> (artifact id: 'd8c6a0e3e0300222a6f4d3635666c8a8') in 0.0142416 seconds
Number of updated asset objects reloaded before import = 0Number of asset objects unloaded after import = 3

========================================================================
Received Import Request.
  Time since last request: 0.000023 seconds.
  path: Assets/Sprites/Explosion/Explosion_00136.png
  artifactKey: Guid(19d3796d0643e634c99286b44a36d503) Importer(2089858483,0ecaa5967403d082aa24f35e1b516d23)
Start importing Assets/Sprites/Explosion/Explosion_00136.png using Guid(19d3796d0643e634c99286b44a36d503) Importer(2089858483,0ecaa5967403d082aa24f35e1b516d23) (ScriptedImporter) -> (artifact id: '00b1eb496404a43b537cf6fcfb4c0d9f') in 0.0148876 seconds
Number of updated asset objects reloaded before import = 0Number of asset objects unloaded after import = 3

========================================================================
Received Import Request.
  Time since last request: 0.000031 seconds.
  path: Assets/Sprites/Explosion/Explosion_00123.png
  artifactKey: Guid(6b98facad8a69de48819256b28fde22e) Importer(2089858483,0ecaa5967403d082aa24f35e1b516d23)
Start importing Assets/Sprites/Explosion/Explosion_00123.png using Guid(6b98facad8a69de48819256b28fde22e) Importer(2089858483,0ecaa5967403d082aa24f35e1b516d23) (ScriptedImporter) -> (artifact id: 'a2796eb624c073867788431d6e5737ed') in 0.0149253 seconds
Number of updated asset objects reloaded before import = 0Number of asset objects unloaded after import = 3

========================================================================
Received Import Request.
  Time since last request: 0.000030 seconds.
  path: Assets/Sprites/Thruster/Thruster_00005.png
  artifactKey: Guid(4b442653fdfa83845bf25b4d2d0a5266) Importer(2089858483,0ecaa5967403d082aa24f35e1b516d23)
Start importing Assets/Sprites/Thruster/Thruster_00005.png using Guid(4b442653fdfa83845bf25b4d2d0a5266) Importer(2089858483,0ecaa5967403d082aa24f35e1b516d23) (ScriptedImporter) -> (artifact id: 'b2a49683745fc0783ba702468fde26e7') in 0.0209712 seconds
Number of updated asset objects reloaded before import = 0Number of asset objects unloaded after import = 1

========================================================================
Received Import Request.
  Time since last request: 0.000044 seconds.
  path: Assets/Sprites/Thruster/Thruster_00002.png
  artifactKey: Guid(501e9b3550eea064d8f466e80fb1e71d) Importer(2089858483,0ecaa5967403d082aa24f35e1b516d23)
Start importing Assets/Sprites/Thruster/Thruster_00002.png using Guid(501e9b3550eea064d8f466e80fb1e71d) Importer(2089858483,0ecaa5967403d082aa24f35e1b516d23) (ScriptedImporter) -> (artifact id: '7a37c47307efe7c1f64baf0706862a5f') in 0.0219917 seconds
Number of updated asset objects reloaded before import = 0Number of asset objects unloaded after import = 1

========================================================================
Received Import Request.
  Time since last request: 0.000063 seconds.
  path: Assets/Sprites/Health/frame-6.png
  artifactKey: Guid(505835f186c79a24eac565a27c60b566) Importer(2089858483,0ecaa5967403d082aa24f35e1b516d23)
Start importing Assets/Sprites/Health/frame-6.png using Guid(505835f186c79a24eac565a27c60b566) Importer(2089858483,0ecaa5967403d082aa24f35e1b516d23) (ScriptedImporter) -> (artifact id: '2003e31cd6fcfa2055dbba73a6532b87') in 0.0258109 seconds
Number of updated asset objects reloaded before import = 0Number of asset objects unloaded after import = 1

========================================================================
Received Import Request.
  Time since last request: 0.000040 seconds.
  path: Assets/Sprites/Player_Shield/Shields_00007.png
  artifactKey: Guid(f2410fa3de034964597400b7b5b47ee6) Importer(2089858483,0ecaa5967403d082aa24f35e1b516d23)
Start importing Assets/Sprites/Player_Shield/Shields_00007.png using Guid(f2410fa3de034964597400b7b5b47ee6) Importer(2089858483,0ecaa5967403d082aa24f35e1b516d23) (ScriptedImporter) -> (artifact id: 'a4c13209ac07911bed7c48ffced7a2e7') in 0.0206411 seconds
Number of updated asset objects reloaded before import = 0Number of asset objects unloaded after import = 1

========================================================================
Received Import Request.
  Time since last request: 0.000027 seconds.
  path: Assets/Sprites/Health/frame-7.png
  artifactKey: Guid(9a75c7e8df0ad91409415ceff7e704f3) Importer(2089858483,0ecaa5967403d082aa24f35e1b516d23)
Start importing Assets/Sprites/Health/frame-7.png using Guid(9a75c7e8df0ad91409415ceff7e704f3) Importer(2089858483,0ecaa5967403d082aa24f35e1b516d23) (ScriptedImporter) -> (artifact id: '4285e67b251e4ebc246c28c645f0211b') in 0.0184056 seconds
Number of updated asset objects reloaded before import = 0Number of asset objects unloaded after import = 1

========================================================================
Received Import Request.
  Time since last request: 0.000028 seconds.
  path: Assets/Sprites/Explosion/Explosion_00121.png
  artifactKey: Guid(c96cfa6f108b4a545941d9b19f3c47cb) Importer(2089858483,0ecaa5967403d082aa24f35e1b516d23)
Start importing Assets/Sprites/Explosion/Explosion_00121.png using Guid(c96cfa6f108b4a545941d9b19f3c47cb) Importer(2089858483,0ecaa5967403d082aa24f35e1b516d23) (ScriptedImporter) -> (artifact id: 'af012ee651fedda22db168643f616308') in 0.0163466 seconds
Number of updated asset objects reloaded before import = 0Number of asset objects unloaded after import = 3

========================================================================
Received Import Request.
  Time since last request: 0.000028 seconds.
  path: Assets/Sprites/Player_Shield/Shields_00010.png
  artifactKey: Guid(d02e0086a97ff8145a23ac5e1661e9eb) Importer(2089858483,0ecaa5967403d082aa24f35e1b516d23)
Start importing Assets/Sprites/Player_Shield/Shields_00010.png using Guid(d02e0086a97ff8145a23ac5e1661e9eb) Importer(2089858483,0ecaa5967403d082aa24f35e1b516d23) (ScriptedImporter) -> (artifact id: 'd8186bfe7b6feb3dbe54f08623ca249e') in 0.0182472 seconds
Number of updated asset objects reloaded before import = 0Number of asset objects unloaded after import = 1

========================================================================
Received Import Request.
  Time since last request: 0.000043 seconds.
  path: Assets/Sprites/Player_Shield/Shields_00000.png
  artifactKey: Guid(8b95276f523f4d64ca4d8155757e8215) Importer(2089858483,0ecaa5967403d082aa24f35e1b516d23)
Start importing Assets/Sprites/Player_Shield/Shields_00000.png using Guid(8b95276f523f4d64ca4d8155757e8215) Importer(2089858483,0ecaa5967403d082aa24f35e1b516d23) (ScriptedImporter) -> (artifact id: '248ced3f81ebd3d7b5ad911e37364627') in 0.0170541 seconds
Number of updated asset objects reloaded before import = 0Number of asset objects unloaded after import = 1

========================================================================
Received Import Request.
  Time since last request: 0.000084 seconds.
  path: Assets/Sprites/Thruster/Thruster_00000.png
  artifactKey: Guid(bff72085bdee38c40943dcff5b226dde) Importer(2089858483,0ecaa5967403d082aa24f35e1b516d23)
Start importing Assets/Sprites/Thruster/Thruster_00000.png using Guid(bff72085bdee38c40943dcff5b226dde) Importer(2089858483,0ecaa5967403d082aa24f35e1b516d23) (ScriptedImporter) -> (artifact id: '9aaa9ae217aa24bd9d42fccd41c57280') in 0.0184053 seconds
Number of updated asset objects reloaded before import = 0Number of asset objects unloaded after import = 1

========================================================================
Received Import Request.
  Time since last request: 0.000040 seconds.
  path: Assets/Sprites/Explosion/Explosion_00137.png
  artifactKey: Guid(c33c294156ccfff4d80c485b896e219e) Importer(2089858483,0ecaa5967403d082aa24f35e1b516d23)
Start importing Assets/Sprites/Explosion/Explosion_00137.png using Guid(c33c294156ccfff4d80c485b896e219e) Importer(2089858483,0ecaa5967403d082aa24f35e1b516d23) (ScriptedImporter) -> (artifact id: '70f56373409ecef05658873b0ddeccea') in 0.0154018 seconds
Number of updated asset objects reloaded before import = 0Number of asset objects unloaded after import = 3

========================================================================
Received Import Request.
  Time since last request: 0.000108 seconds.
  path: Assets/Sprites/Explosion/Explosion_00128.png
  artifactKey: Guid(e56a6e571e39c694fb9119535a0aca40) Importer(2089858483,0ecaa5967403d082aa24f35e1b516d23)
Start importing Assets/Sprites/Explosion/Explosion_00128.png using Guid(e56a6e571e39c694fb9119535a0aca40) Importer(2089858483,0ecaa5967403d082aa24f35e1b516d23) (ScriptedImporter) -> (artifact id: '91ab012292ab1ae28c672df84f7940d0') in 0.017874 seconds
Number of updated asset objects reloaded before import = 0Number of asset objects unloaded after import = 3

========================================================================
Received Import Request.
  Time since last request: 0.000018 seconds.
  path: Assets/Sprites/Player_Shield/Shields_00013.png
  artifactKey: Guid(73449d27a23c20e42984b6ae58561d56) Importer(2089858483,0ecaa5967403d082aa24f35e1b516d23)
Start importing Assets/Sprites/Player_Shield/Shields_00013.png using Guid(73449d27a23c20e42984b6ae58561d56) Importer(2089858483,0ecaa5967403d082aa24f35e1b516d23) (ScriptedImporter) -> (artifact id: 'cc2c43d50d529372db8e4e6306d471d8') in 0.0134234 seconds
Number of updated asset objects reloaded before import = 0Number of asset objects unloaded after import = 1

========================================================================
Received Import Request.
  Time since last request: 0.000042 seconds.
  path: Assets/Sprites/Explosion/Explosion_00146.png
  artifactKey: Guid(45f0d358a37c6c748aa935bc2cbaf5ac) Importer(2089858483,0ecaa5967403d082aa24f35e1b516d23)
Start importing Assets/Sprites/Explosion/Explosion_00146.png using Guid(45f0d358a37c6c748aa935bc2cbaf5ac) Importer(2089858483,0ecaa5967403d082aa24f35e1b516d23) (ScriptedImporter) -> (artifact id: '9e3081389b417f5e7f5bbcea4302d07d') in 0.0159978 seconds
Number of updated asset objects reloaded before import = 0Number of asset objects unloaded after import = 3

========================================================================
Received Import Request.
  Time since last request: 0.000028 seconds.
  path: Assets/Sprites/Power Ups/frame-7.png
  artifactKey: Guid(a529a16b831b7a746bd8c0332b086583) Importer(2089858483,0ecaa5967403d082aa24f35e1b516d23)
Start importing Assets/Sprites/Power Ups/frame-7.png using Guid(a529a16b831b7a746bd8c0332b086583) Importer(2089858483,0ecaa5967403d082aa24f35e1b516d23) (ScriptedImporter) -> (artifact id: '8a9a5e0cfbfcfed2de9442748be5733a') in 0.0149689 seconds
Number of updated asset objects reloaded before import = 0Number of asset objects unloaded after import = 1

========================================================================
Received Import Request.
  Time since last request: 0.000026 seconds.
  path: Assets/Sprites/Explosion/Explosion_00142.png
  artifactKey: Guid(b9822c1b4e061a646bda66014e059f85) Importer(2089858483,0ecaa5967403d082aa24f35e1b516d23)
Start importing Assets/Sprites/Explosion/Explosion_00142.png using Guid(b9822c1b4e061a646bda66014e059f85) Importer(2089858483,0ecaa5967403d082aa24f35e1b516d23) (ScriptedImporter) -> (artifact id: '38367c86826d71fb30d6ed8104e2b89d') in 0.0221717 seconds
Number of updated asset objects reloaded before import = 0Number of asset objects unloaded after import = 3

========================================================================
Received Import Request.
  Time since last request: 0.000023 seconds.
  path: Assets/Sprites/Health/frame-2.png
  artifactKey: Guid(3f6d0deaec5d92f4ab17aca11b1f9dfe) Importer(2089858483,0ecaa5967403d082aa24f35e1b516d23)
Start importing Assets/Sprites/Health/frame-2.png using Guid(3f6d0deaec5d92f4ab17aca11b1f9dfe) Importer(2089858483,0ecaa5967403d082aa24f35e1b516d23) (ScriptedImporter) -> (artifact id: '50ac3660efbff03ffd9036115152d447') in 0.0160426 seconds
Number of updated asset objects reloaded before import = 0Number of asset objects unloaded after import = 1

========================================================================
Received Import Request.
  Time since last request: 0.000031 seconds.
  path: Assets/Sprites/Player_Shield/Shields_00009.png
  artifactKey: Guid(575b02ac0c79ad244bfca8d5d9fcbc6f) Importer(2089858483,0ecaa5967403d082aa24f35e1b516d23)
Start importing Assets/Sprites/Player_Shield/Shields_00009.png using Guid(575b02ac0c79ad244bfca8d5d9fcbc6f) Importer(2089858483,0ecaa5967403d082aa24f35e1b516d23) (ScriptedImporter) -> (artifact id: 'f4b8fd0deea68af5c3914426bec989a2') in 0.01453 seconds
Number of updated asset objects reloaded before import = 0Number of asset objects unloaded after import = 1

========================================================================
Received Import Request.
  Time since last request: 0.000022 seconds.
  path: Assets/Sprites/Player_Shield/Shields_00003.png
  artifactKey: Guid(38d66c8506f10094ea85b6cc50f7a52b) Importer(2089858483,0ecaa5967403d082aa24f35e1b516d23)
Start importing Assets/Sprites/Player_Shield/Shields_00003.png using Guid(38d66c8506f10094ea85b6cc50f7a52b) Importer(2089858483,0ecaa5967403d082aa24f35e1b516d23) (ScriptedImporter) -> (artifact id: '930ebdf0ff3ca4e801693299bee0c7a7') in 0.0169275 seconds
Number of updated asset objects reloaded before import = 0Number of asset objects unloaded after import = 1

========================================================================
Received Import Request.
  Time since last request: 0.000024 seconds.
  path: Assets/Sprites/Player_Shield/Shields_00008.png
  artifactKey: Guid(7ba18f25f2b52ae42a78858d49ba6367) Importer(2089858483,0ecaa5967403d082aa24f35e1b516d23)
Start importing Assets/Sprites/Player_Shield/Shields_00008.png using Guid(7ba18f25f2b52ae42a78858d49ba6367) Importer(2089858483,0ecaa5967403d082aa24f35e1b516d23) (ScriptedImporter) -> (artifact id: '61ae8880e46f2b890cdde71c80b5e422') in 0.0136158 seconds
Number of updated asset objects reloaded before import = 0Number of asset objects unloaded after import = 1

========================================================================
Received Import Request.
  Time since last request: 0.000042 seconds.
  path: Assets/TextMesh Pro/Shaders/TMP_SDF.shader
  artifactKey: Guid(68e6db2ebdc24f95958faec2be5558d6) Importer(2089858483,0ecaa5967403d082aa24f35e1b516d23)
Start importing Assets/TextMesh Pro/Shaders/TMP_SDF.shader using Guid(68e6db2ebdc24f95958faec2be5558d6) Importer(2089858483,0ecaa5967403d082aa24f35e1b516d23) (ScriptedImporter) -> (artifact id: '204c1de1c283333e042d9a2a25d95631') in 0.0097258 seconds
Number of updated asset objects reloaded before import = 0Number of asset objects unloaded after import = 1

========================================================================
Received Import Request.
  Time since last request: 0.000020 seconds.
  path: Assets/TextMesh Pro/Resources/LineBreaking Leading Characters.txt
  artifactKey: Guid(d82c1b31c7e74239bff1220585707d2b) Importer(2089858483,0ecaa5967403d082aa24f35e1b516d23)
Start importing Assets/TextMesh Pro/Resources/LineBreaking Leading Characters.txt using Guid(d82c1b31c7e74239bff1220585707d2b) Importer(2089858483,0ecaa5967403d082aa24f35e1b516d23) (ScriptedImporter) -> (artifact id: '7edaeada0876df79a6947548f39bb1c2') in 0.0057234 seconds
Number of updated asset objects reloaded before import = 0Number of asset objects unloaded after import = 1

========================================================================
Received Import Request.
  Time since last request: 0.000122 seconds.
  path: Assets/TextMesh Pro/Resources/Fonts & Materials/LiberationSans SDF - Drop Shadow.mat
  artifactKey: Guid(e73a58f6e2794ae7b1b7e50b7fb811b0) Importer(2089858483,0ecaa5967403d082aa24f35e1b516d23)
Start importing Assets/TextMesh Pro/Resources/Fonts & Materials/LiberationSans SDF - Drop Shadow.mat using Guid(e73a58f6e2794ae7b1b7e50b7fb811b0) Importer(2089858483,0ecaa5967403d082aa24f35e1b516d23) (ScriptedImporter) -> (artifact id: '1f84a4b416d55c18d5b3dd446e47e00c') in 0.0195196 seconds
Number of updated asset objects reloaded before import = 0Number of asset objects unloaded after import = 2

========================================================================
Received Import Request.
  Time since last request: 0.000026 seconds.
  path: Assets/TextMesh Pro/Shaders/TMP_SDF-Surface-Mobile.shader
  artifactKey: Guid(85187c2149c549c5b33f0cdb02836b17) Importer(2089858483,0ecaa5967403d082aa24f35e1b516d23)
Start importing Assets/TextMesh Pro/Shaders/TMP_SDF-Surface-Mobile.shader using Guid(85187c2149c549c5b33f0cdb02836b17) Importer(2089858483,0ecaa5967403d082aa24f35e1b516d23) (ScriptedImporter) -> (artifact id: '79b2d14baa1819f49a535192721900ec') in 0.0070597 seconds
Number of updated asset objects reloaded before import = 0Number of asset objects unloaded after import = 1

========================================================================
Received Import Request.
  Time since last request: 0.000051 seconds.
  path: Assets/Sprites/Planes/B-17/Type-3/colored_3.png
  artifactKey: Guid(c9f1aebc2ac4ed347a0983c90856a69e) Importer(2089858483,0ecaa5967403d082aa24f35e1b516d23)
Start importing Assets/Sprites/Planes/B-17/Type-3/colored_3.png using Guid(c9f1aebc2ac4ed347a0983c90856a69e) Importer(2089858483,0ecaa5967403d082aa24f35e1b516d23) (ScriptedImporter) -> (artifact id: '204e36d0fc8810b64e2a2b6f97008f02') in 0.0110787 seconds
Number of updated asset objects reloaded before import = 0Number of asset objects unloaded after import = 1

========================================================================
Received Import Request.
  Time since last request: 0.000018 seconds.
  path: Assets/TextMesh Pro/Shaders/TMP_SDF-Mobile Overlay.shader
  artifactKey: Guid(a02a7d8c237544f1962732b55a9aebf1) Importer(2089858483,0ecaa5967403d082aa24f35e1b516d23)
Start importing Assets/TextMesh Pro/Shaders/TMP_SDF-Mobile Overlay.shader using Guid(a02a7d8c237544f1962732b55a9aebf1) Importer(2089858483,0ecaa5967403d082aa24f35e1b516d23) (ScriptedImporter) -> (artifact id: '7e3ff66b11c39b35481c190ab9af8553') in 0.0068283 seconds
Number of updated asset objects reloaded before import = 0Number of asset objects unloaded after import = 1

========================================================================
Received Import Request.
  Time since last request: 0.000087 seconds.
  path: Assets/TextMesh Pro/Shaders/SDFFunctions.hlsl
  artifactKey: Guid(96de908384869cd409c75efa351d5edf) Importer(2089858483,0ecaa5967403d082aa24f35e1b516d23)
Start importing Assets/TextMesh Pro/Shaders/SDFFunctions.hlsl using Guid(96de908384869cd409c75efa351d5edf) Importer(2089858483,0ecaa5967403d082aa24f35e1b516d23) (ScriptedImporter) -> (artifact id: '5a43bba474e08c6199ace6b50af4f6b9') in 0.0050146 seconds
Number of updated asset objects reloaded before import = 0Number of asset objects unloaded after import = 1

========================================================================
Received Import Request.
  Time since last request: 0.000121 seconds.
  path: Assets/Sprites/Planes/B-17/Type-2/colored_2.png
  artifactKey: Guid(07219017787d4844f8903a0894fad3c6) Importer(2089858483,0ecaa5967403d082aa24f35e1b516d23)
Start importing Assets/Sprites/Planes/B-17/Type-2/colored_2.png using Guid(07219017787d4844f8903a0894fad3c6) Importer(2089858483,0ecaa5967403d082aa24f35e1b516d23) (ScriptedImporter) -> (artifact id: '4636f3c18f5c8d1b9343e5f763ba54ef') in 0.0112134 seconds
Number of updated asset objects reloaded before import = 0Number of asset objects unloaded after import = 3

========================================================================
Received Import Request.
  Time since last request: 0.000019 seconds.
  path: Assets/Sprites/Thruster/Thruster_00020.png
  artifactKey: Guid(2e2f2a996b6a77647a7a65891e9eb5a6) Importer(2089858483,0ecaa5967403d082aa24f35e1b516d23)
Start importing Assets/Sprites/Thruster/Thruster_00020.png using Guid(2e2f2a996b6a77647a7a65891e9eb5a6) Importer(2089858483,0ecaa5967403d082aa24f35e1b516d23) (ScriptedImporter) -> (artifact id: '2bde36b8a591c6853835616d33c20700') in 0.0129985 seconds
Number of updated asset objects reloaded before import = 0Number of asset objects unloaded after import = 1

========================================================================
Received Import Request.
  Time since last request: 0.000048 seconds.
  path: Assets/Sprites/Thruster/Thruster_00016.png
  artifactKey: Guid(12649022559f2ef4c979b81fafc4024c) Importer(2089858483,0ecaa5967403d082aa24f35e1b516d23)
Start importing Assets/Sprites/Thruster/Thruster_00016.png using Guid(12649022559f2ef4c979b81fafc4024c) Importer(2089858483,0ecaa5967403d082aa24f35e1b516d23) (ScriptedImporter) -> (artifact id: '490800e960e2a14b5df95ee0e863e306') in 0.0120657 seconds
Number of updated asset objects reloaded before import = 0Number of asset objects unloaded after import = 1

========================================================================
Received Import Request.
  Time since last request: 0.000023 seconds.
  path: Assets/TextMesh Pro/Shaders/TMP_SDF-HDRP LIT.shadergraph
  artifactKey: Guid(ca2ed216f98028c4dae6c5224a952b3c) Importer(2089858483,0ecaa5967403d082aa24f35e1b516d23)
Start importing Assets/TextMesh Pro/Shaders/TMP_SDF-HDRP LIT.shadergraph using Guid(ca2ed216f98028c4dae6c5224a952b3c) Importer(2089858483,0ecaa5967403d082aa24f35e1b516d23) (ScriptedImporter) -> (artifact id: 'd393b170b759473fbeee33f98a2d5431') in 0.0047325 seconds
Number of updated asset objects reloaded before import = 0Number of asset objects unloaded after import = 1

========================================================================
Received Import Request.
  Time since last request: 0.000071 seconds.
  path: Assets/TextMesh Pro/Documentation/TextMesh Pro User Guide 2016.pdf
  artifactKey: Guid(1b8d251f9af63b746bf2f7ffe00ebb9b) Importer(2089858483,0ecaa5967403d082aa24f35e1b516d23)
Start importing Assets/TextMesh Pro/Documentation/TextMesh Pro User Guide 2016.pdf using Guid(1b8d251f9af63b746bf2f7ffe00ebb9b) Importer(2089858483,0ecaa5967403d082aa24f35e1b516d23) (ScriptedImporter) -> (artifact id: '484830e95855290f0ea358795e81e170') in 0.0038923 seconds
Number of updated asset objects reloaded before import = 0Number of asset objects unloaded after import = 1

========================================================================
Received Import Request.
  Time since last request: 0.000025 seconds.
  path: Assets/Sprites/Thruster/Thruster_00008.png
  artifactKey: Guid(913825ee8ac5d83428476c351fa3c48f) Importer(2089858483,0ecaa5967403d082aa24f35e1b516d23)
Start importing Assets/Sprites/Thruster/Thruster_00008.png using Guid(913825ee8ac5d83428476c351fa3c48f) Importer(2089858483,0ecaa5967403d082aa24f35e1b516d23) (ScriptedImporter) -> (artifact id: '59b5748e24a30d70928c53969723bd13') in 0.0133071 seconds
Number of updated asset objects reloaded before import = 0Number of asset objects unloaded after import = 1

========================================================================
Received Import Request.
  Time since last request: 0.000044 seconds.
  path: Assets/TextMesh Pro/Shaders/TMP_Sprite.shader
  artifactKey: Guid(cf81c85f95fe47e1a27f6ae460cf182c) Importer(2089858483,0ecaa5967403d082aa24f35e1b516d23)
Start importing Assets/TextMesh Pro/Shaders/TMP_Sprite.shader using Guid(cf81c85f95fe47e1a27f6ae460cf182c) Importer(2089858483,0ecaa5967403d082aa24f35e1b516d23) (ScriptedImporter) -> (artifact id: '6f2fddd0f9565be135a40e21146d7bac') in 0.0052012 seconds
Number of updated asset objects reloaded before import = 0Number of asset objects unloaded after import = 1

========================================================================
Received Import Request.
  Time since last request: 0.000046 seconds.
  path: Assets/TextMesh Pro/Shaders/TMP_SDF-HDRP UNLIT.shadergraph
  artifactKey: Guid(f63d574838ccfb44f84acc05fed0af48) Importer(2089858483,0ecaa5967403d082aa24f35e1b516d23)
Start importing Assets/TextMesh Pro/Shaders/TMP_SDF-HDRP UNLIT.shadergraph using Guid(f63d574838ccfb44f84acc05fed0af48) Importer(2089858483,0ecaa5967403d082aa24f35e1b516d23) (ScriptedImporter) -> (artifact id: 'cb6c672ecdafd5f083c414a3f3bcc860') in 0.0043807 seconds
Number of updated asset objects reloaded before import = 0Number of asset objects unloaded after import = 1

========================================================================
Received Import Request.
  Time since last request: 0.000056 seconds.
  path: Assets/Sprites/Thruster/Thruster_00007.png
  artifactKey: Guid(a98d070484d9c8440bd5ec4619156134) Importer(2089858483,0ecaa5967403d082aa24f35e1b516d23)
Start importing Assets/Sprites/Thruster/Thruster_00007.png using Guid(a98d070484d9c8440bd5ec4619156134) Importer(2089858483,0ecaa5967403d082aa24f35e1b516d23) (ScriptedImporter) -> (artifact id: '71a7beb682c01796e0d62d6b2ac50090') in 0.0119263 seconds
Number of updated asset objects reloaded before import = 0Number of asset objects unloaded after import = 1

========================================================================
Received Import Request.
  Time since last request: 0.000041 seconds.
  path: Assets/TextMesh Pro/Shaders/TMPro_Surface.cginc
  artifactKey: Guid(d930090c0cd643c7b55f19a38538c162) Importer(2089858483,0ecaa5967403d082aa24f35e1b516d23)
Start importing Assets/TextMesh Pro/Shaders/TMPro_Surface.cginc using Guid(d930090c0cd643c7b55f19a38538c162) Importer(2089858483,0ecaa5967403d082aa24f35e1b516d23) (ScriptedImporter) -> (artifact id: 'ee26f118510b6744fc2e6f403554f15d') in 0.0041677 seconds
Number of updated asset objects reloaded before import = 0Number of asset objects unloaded after import = 1

========================================================================
Received Import Request.
  Time since last request: 0.000101 seconds.
  path: Assets/TextMesh Pro/Fonts/LiberationSans.ttf
  artifactKey: Guid(e3265ab4bf004d28a9537516768c1c75) Importer(2089858483,0ecaa5967403d082aa24f35e1b516d23)
Start importing Assets/TextMesh Pro/Fonts/LiberationSans.ttf using Guid(e3265ab4bf004d28a9537516768c1c75) Importer(2089858483,0ecaa5967403d082aa24f35e1b516d23) (ScriptedImporter) -> (artifact id: '65fb3091fe3d676dce9f107da1a4063f') in 0.0127041 seconds
Number of updated asset objects reloaded before import = 0Number of asset objects unloaded after import = 3

========================================================================
Received Import Request.
  Time since last request: 0.000020 seconds.
  path: Assets/TextMesh Pro/Shaders/TMP_SDF-Mobile.shader
  artifactKey: Guid(fe393ace9b354375a9cb14cdbbc28be4) Importer(2089858483,0ecaa5967403d082aa24f35e1b516d23)
Start importing Assets/TextMesh Pro/Shaders/TMP_SDF-Mobile.shader using Guid(fe393ace9b354375a9cb14cdbbc28be4) Importer(2089858483,0ecaa5967403d082aa24f35e1b516d23) (ScriptedImporter) -> (artifact id: '83222e0d3287cf689e4f4b11d2a3e8a3') in 0.0046058 seconds
Number of updated asset objects reloaded before import = 0Number of asset objects unloaded after import = 1

========================================================================
Received Import Request.
  Time since last request: 0.000034 seconds.
  path: Assets/TextMesh Pro/Shaders/TMP_SDF-Mobile SSD.shader
  artifactKey: Guid(c8d12adcee749c344b8117cf7c7eb912) Importer(2089858483,0ecaa5967403d082aa24f35e1b516d23)
Start importing Assets/TextMesh Pro/Shaders/TMP_SDF-Mobile SSD.shader using Guid(c8d12adcee749c344b8117cf7c7eb912) Importer(2089858483,0ecaa5967403d082aa24f35e1b516d23) (ScriptedImporter) -> (artifact id: 'd1dffb6d2eecc4f1c6d1b42582290955') in 0.0063477 seconds
Number of updated asset objects reloaded before import = 0Number of asset objects unloaded after import = 1

========================================================================
Received Import Request.
  Time since last request: 0.000040 seconds.
  path: Assets/TextMesh Pro/Resources/TMP Settings.asset
  artifactKey: Guid(3f5b5dff67a942289a9defa416b206f3) Importer(2089858483,0ecaa5967403d082aa24f35e1b516d23)
Start importing Assets/TextMesh Pro/Resources/TMP Settings.asset using Guid(3f5b5dff67a942289a9defa416b206f3) Importer(2089858483,0ecaa5967403d082aa24f35e1b516d23) (ScriptedImporter) -> (artifact id: '3091e953881ba859746d6218797dadc4') in 0.0322007 seconds
Number of updated asset objects reloaded before import = 0Number of asset objects unloaded after import = 16

========================================================================
Received Import Request.
  Time since last request: 0.000024 seconds.
  path: Assets/TextMesh Pro/Resources/Style Sheets/Default Style Sheet.asset
  artifactKey: Guid(f952c082cb03451daed3ee968ac6c63e) Importer(2089858483,0ecaa5967403d082aa24f35e1b516d23)
Start importing Assets/TextMesh Pro/Resources/Style Sheets/Default Style Sheet.asset using Guid(f952c082cb03451daed3ee968ac6c63e) Importer(2089858483,0ecaa5967403d082aa24f35e1b516d23) (ScriptedImporter) -> (artifact id: '29bb9e01b2e5d1e6e8f8e72bb8da13ea') in 0.0048026 seconds
Number of updated asset objects reloaded before import = 0Number of asset objects unloaded after import = 1

========================================================================
Received Import Request.
  Time since last request: 0.000039 seconds.
  path: Assets/TextMesh Pro/Resources/Fonts & Materials/LiberationSans SDF.asset
  artifactKey: Guid(8f586378b4e144a9851e7b34d9b748ee) Importer(2089858483,0ecaa5967403d082aa24f35e1b516d23)
Start importing Assets/TextMesh Pro/Resources/Fonts & Materials/LiberationSans SDF.asset using Guid(8f586378b4e144a9851e7b34d9b748ee) Importer(2089858483,0ecaa5967403d082aa24f35e1b516d23) (ScriptedImporter) -> (artifact id: 'd05dd4e4f523a143f2601d4058ce25d1') in 0.0342068 seconds
Number of updated asset objects reloaded before import = 0Number of asset objects unloaded after import = 8

========================================================================
Received Import Request.
  Time since last request: 0.000024 seconds.
  path: Assets/Sprites/Explosion/Explosion_00144.png
  artifactKey: Guid(ba4b26ef574c569419189d95760e269f) Importer(2089858483,0ecaa5967403d082aa24f35e1b516d23)
Start importing Assets/Sprites/Explosion/Explosion_00144.png using Guid(ba4b26ef574c569419189d95760e269f) Importer(2089858483,0ecaa5967403d082aa24f35e1b516d23) (ScriptedImporter) -> (artifact id: '09abad067795ee3aac42e045c8cd6781') in 0.0153074 seconds
Number of updated asset objects reloaded before import = 0Number of asset objects unloaded after import = 3

========================================================================
Received Import Request.
  Time since last request: 0.000018 seconds.
  path: Assets/TextMesh Pro/Resources/Sprite Assets/EmojiOne.asset
  artifactKey: Guid(c41005c129ba4d66911b75229fd70b45) Importer(2089858483,0ecaa5967403d082aa24f35e1b516d23)
Start importing Assets/TextMesh Pro/Resources/Sprite Assets/EmojiOne.asset using Guid(c41005c129ba4d66911b75229fd70b45) Importer(2089858483,0ecaa5967403d082aa24f35e1b516d23) (ScriptedImporter) -> (artifact id: '1101a4fd4d36bb633c37c584eda367ad') in 0.0082903 seconds
Number of updated asset objects reloaded before import = 0Number of asset objects unloaded after import = 4

========================================================================
Received Import Request.
  Time since last request: 0.000015 seconds.
  path: Assets/Sprites/Planes/B-17/Type-1/B-17.png
  artifactKey: Guid(b40d9adc88f58b04f87c1e63c07840f8) Importer(2089858483,0ecaa5967403d082aa24f35e1b516d23)
Start importing Assets/Sprites/Planes/B-17/Type-1/B-17.png using Guid(b40d9adc88f58b04f87c1e63c07840f8) Importer(2089858483,0ecaa5967403d082aa24f35e1b516d23) (ScriptedImporter) -> (artifact id: '1f48156436c4bfcbba7c32176eb518fc') in 0.0117497 seconds
Number of updated asset objects reloaded before import = 0Number of asset objects unloaded after import = 3

========================================================================
Received Import Request.
  Time since last request: 0.000018 seconds.
  path: Assets/Sprites/Explosion/Explosion_00145.png
  artifactKey: Guid(4d13e776d3395fb408618202cd924af9) Importer(2089858483,0ecaa5967403d082aa24f35e1b516d23)
Start importing Assets/Sprites/Explosion/Explosion_00145.png using Guid(4d13e776d3395fb408618202cd924af9) Importer(2089858483,0ecaa5967403d082aa24f35e1b516d23) (ScriptedImporter) -> (artifact id: '5436b09ee718ff8ef87a8db5d99c725c') in 0.0129722 seconds
Number of updated asset objects reloaded before import = 0Number of asset objects unloaded after import = 3

========================================================================
Received Import Request.
  Time since last request: 0.000023 seconds.
  path: Assets/Sprites/Health/frame-4.png
  artifactKey: Guid(439f0045a65c21044855adef53676c29) Importer(2089858483,0ecaa5967403d082aa24f35e1b516d23)
Start importing Assets/Sprites/Health/frame-4.png using Guid(439f0045a65c21044855adef53676c29) Importer(2089858483,0ecaa5967403d082aa24f35e1b516d23) (ScriptedImporter) -> (artifact id: '8dba36f5d28a80d453c3f9bfe6c53bf0') in 0.0135489 seconds
Number of updated asset objects reloaded before import = 0Number of asset objects unloaded after import = 1

========================================================================
Received Import Request.
  Time since last request: 0.000022 seconds.
  path: Assets/Sprites/Power Ups/frame-10.png
  artifactKey: Guid(4717f060b90f012438cf72cabc28d6bb) Importer(2089858483,0ecaa5967403d082aa24f35e1b516d23)
Start importing Assets/Sprites/Power Ups/frame-10.png using Guid(4717f060b90f012438cf72cabc28d6bb) Importer(2089858483,0ecaa5967403d082aa24f35e1b516d23) (ScriptedImporter) -> (artifact id: 'ed245eededa90ec2b4dc2dc06edc043a') in 0.0152823 seconds
Number of updated asset objects reloaded before import = 0Number of asset objects unloaded after import = 1

========================================================================
Received Import Request.
  Time since last request: 0.000036 seconds.
  path: Assets/Sprites/Player_Shield/Shields_00004.png
  artifactKey: Guid(4fba024f3cce4724585109ff0e606c93) Importer(2089858483,0ecaa5967403d082aa24f35e1b516d23)
Start importing Assets/Sprites/Player_Shield/Shields_00004.png using Guid(4fba024f3cce4724585109ff0e606c93) Importer(2089858483,0ecaa5967403d082aa24f35e1b516d23) (ScriptedImporter) -> (artifact id: '7018773e95f05f000819db6b5d588f34') in 0.0142639 seconds
Number of updated asset objects reloaded before import = 0Number of asset objects unloaded after import = 1

========================================================================
Received Import Request.
  Time since last request: 0.000031 seconds.
  path: Assets/Sprites/Explosion/Explosion_00127.png
  artifactKey: Guid(3f9f449c9deed634b82589826296198b) Importer(2089858483,0ecaa5967403d082aa24f35e1b516d23)
Start importing Assets/Sprites/Explosion/Explosion_00127.png using Guid(3f9f449c9deed634b82589826296198b) Importer(2089858483,0ecaa5967403d082aa24f35e1b516d23) (ScriptedImporter) -> (artifact id: '562dba8f94eece2c2582b6f9ff9ffac2') in 0.0170079 seconds
Number of updated asset objects reloaded before import = 0Number of asset objects unloaded after import = 3

========================================================================
Received Import Request.
  Time since last request: 0.000030 seconds.
  path: Assets/Sprites/Player_Shield/Shields_00015.png
  artifactKey: Guid(6504cf9def0465846bf179f4409c1059) Importer(2089858483,0ecaa5967403d082aa24f35e1b516d23)
Start importing Assets/Sprites/Player_Shield/Shields_00015.png using Guid(6504cf9def0465846bf179f4409c1059) Importer(2089858483,0ecaa5967403d082aa24f35e1b516d23) (ScriptedImporter) -> (artifact id: '86fdb1b7f0c3fcaf4ae9ae3a8c635cf6') in 0.0150994 seconds
Number of updated asset objects reloaded before import = 0Number of asset objects unloaded after import = 1

========================================================================
Received Import Request.
  Time since last request: 0.000034 seconds.
  path: Assets/Sprites/Thruster/Thruster_00006.png
  artifactKey: Guid(49f988ada29cb41418d5eee7caf17a1b) Importer(2089858483,0ecaa5967403d082aa24f35e1b516d23)
Start importing Assets/Sprites/Thruster/Thruster_00006.png using Guid(49f988ada29cb41418d5eee7caf17a1b) Importer(2089858483,0ecaa5967403d082aa24f35e1b516d23) (ScriptedImporter) -> (artifact id: '8975148a263e20ce022824dade7ebd59') in 0.0153823 seconds
Number of updated asset objects reloaded before import = 0Number of asset objects unloaded after import = 1

========================================================================
Received Import Request.
  Time since last request: 0.000022 seconds.
  path: Assets/Sprites/Thruster/Thruster_00015.png
  artifactKey: Guid(f8ec6908234cd0a4697aa0c22a17f8ca) Importer(2089858483,0ecaa5967403d082aa24f35e1b516d23)
Start importing Assets/Sprites/Thruster/Thruster_00015.png using Guid(f8ec6908234cd0a4697aa0c22a17f8ca) Importer(2089858483,0ecaa5967403d082aa24f35e1b516d23) (ScriptedImporter) -> (artifact id: '76be7a034d2f2139fcb833ae63a058eb') in 0.0201514 seconds
Number of updated asset objects reloaded before import = 0Number of asset objects unloaded after import = 1

========================================================================
Received Import Request.
  Time since last request: 0.000040 seconds.
  path: Assets/Sprites/Health/frame-3.png
  artifactKey: Guid(471a60cb81eeda0499bd37ccb7fef188) Importer(2089858483,0ecaa5967403d082aa24f35e1b516d23)
Start importing Assets/Sprites/Health/frame-3.png using Guid(471a60cb81eeda0499bd37ccb7fef188) Importer(2089858483,0ecaa5967403d082aa24f35e1b516d23) (ScriptedImporter) -> (artifact id: 'c2b413b3f7bfab86a720a9db015aa84a') in 0.0146138 seconds
Number of updated asset objects reloaded before import = 0Number of asset objects unloaded after import = 1

========================================================================
Received Import Request.
  Time since last request: 0.000028 seconds.
  path: Assets/Sprites/Explosion/Explosion_00018.png
  artifactKey: Guid(0bf6ea29605a2bc40b9fdd0edf65271b) Importer(2089858483,0ecaa5967403d082aa24f35e1b516d23)
Start importing Assets/Sprites/Explosion/Explosion_00018.png using Guid(0bf6ea29605a2bc40b9fdd0edf65271b) Importer(2089858483,0ecaa5967403d082aa24f35e1b516d23) (ScriptedImporter) -> (artifact id: 'e6903be78ca008b1157cd4878bde529f') in 0.0159424 seconds
Number of updated asset objects reloaded before import = 0Number of asset objects unloaded after import = 3

========================================================================
Received Import Request.
  Time since last request: 0.000034 seconds.
  path: Assets/Sprites/Explosion/Explosion_00119.png
  artifactKey: Guid(609b7348980beac42a533fde6a9340b1) Importer(2089858483,0ecaa5967403d082aa24f35e1b516d23)
Start importing Assets/Sprites/Explosion/Explosion_00119.png using Guid(609b7348980beac42a533fde6a9340b1) Importer(2089858483,0ecaa5967403d082aa24f35e1b516d23) (ScriptedImporter) -> (artifact id: 'd84c2891f35b8b7823de37e1e4bcfbac') in 0.0141366 seconds
Number of updated asset objects reloaded before import = 0Number of asset objects unloaded after import = 3

========================================================================
Received Import Request.
  Time since last request: 0.000021 seconds.
  path: Assets/Sprites/Explosion/Explosion_00138.png
  artifactKey: Guid(f36d16628931b174888607ef3b5be21d) Importer(2089858483,0ecaa5967403d082aa24f35e1b516d23)
Start importing Assets/Sprites/Explosion/Explosion_00138.png using Guid(f36d16628931b174888607ef3b5be21d) Importer(2089858483,0ecaa5967403d082aa24f35e1b516d23) (ScriptedImporter) -> (artifact id: 'da086f012ff0d62e7f91926dae89b90e') in 0.0146965 seconds
Number of updated asset objects reloaded before import = 0Number of asset objects unloaded after import = 3

========================================================================
Received Import Request.
  Time since last request: 0.000023 seconds.
  path: Assets/Sprites/Explosion/Explosion_00082.png
  artifactKey: Guid(c1d9187e047bdb04ca69b86569d1f9c7) Importer(2089858483,0ecaa5967403d082aa24f35e1b516d23)
Start importing Assets/Sprites/Explosion/Explosion_00082.png using Guid(c1d9187e047bdb04ca69b86569d1f9c7) Importer(2089858483,0ecaa5967403d082aa24f35e1b516d23) (ScriptedImporter) -> (artifact id: '780cca2b5cd8d9757e3c89b9ae2d1123') in 0.0134144 seconds
Number of updated asset objects reloaded before import = 0Number of asset objects unloaded after import = 3

========================================================================
Received Import Request.
  Time since last request: 0.000027 seconds.
  path: Assets/Sprites/Planes/Blenheim/Type_1/Animation/3.png
  artifactKey: Guid(dd7b12d535328314192abaaede817cd3) Importer(2089858483,0ecaa5967403d082aa24f35e1b516d23)
Start importing Assets/Sprites/Planes/Blenheim/Type_1/Animation/3.png using Guid(dd7b12d535328314192abaaede817cd3) Importer(2089858483,0ecaa5967403d082aa24f35e1b516d23) (ScriptedImporter) -> (artifact id: 'b2b4fa8f6b59f0ed951bf209f5111300') in 0.0155403 seconds
Number of updated asset objects reloaded before import = 0Number of asset objects unloaded after import = 1

========================================================================
Received Import Request.
  Time since last request: 0.000079 seconds.
  path: Assets/Sprites/Planes/Bipolar Plane/Type_6/Animation/1.png
  artifactKey: Guid(d3fa91b9199263b4f92a084126061469) Importer(2089858483,0ecaa5967403d082aa24f35e1b516d23)
Start importing Assets/Sprites/Planes/Bipolar Plane/Type_6/Animation/1.png using Guid(d3fa91b9199263b4f92a084126061469) Importer(2089858483,0ecaa5967403d082aa24f35e1b516d23) (ScriptedImporter) -> (artifact id: '757b7ffc042eac079a00c16f80791faf') in 0.0139102 seconds
Number of updated asset objects reloaded before import = 0Number of asset objects unloaded after import = 1

========================================================================
Received Import Request.
  Time since last request: 0.000028 seconds.
  path: Assets/Sprites/Planes/B-17/Type-3/Animated/1.png
  artifactKey: Guid(1a2c40c77724f8e45a79085d5e820c45) Importer(2089858483,0ecaa5967403d082aa24f35e1b516d23)
Start importing Assets/Sprites/Planes/B-17/Type-3/Animated/1.png using Guid(1a2c40c77724f8e45a79085d5e820c45) Importer(2089858483,0ecaa5967403d082aa24f35e1b516d23) (ScriptedImporter) -> (artifact id: '115a9e419ffc46b6faf718f887b891e7') in 0.0150665 seconds
Number of updated asset objects reloaded before import = 0Number of asset objects unloaded after import = 1

========================================================================
Received Import Request.
  Time since last request: 0.000022 seconds.
  path: Assets/Sprites/Planes/JU-87B2/Type_1/Animation/1.png
  artifactKey: Guid(e61fb4c3962bbd240b83454e26ba8b17) Importer(2089858483,0ecaa5967403d082aa24f35e1b516d23)
Start importing Assets/Sprites/Planes/JU-87B2/Type_1/Animation/1.png using Guid(e61fb4c3962bbd240b83454e26ba8b17) Importer(2089858483,0ecaa5967403d082aa24f35e1b516d23) (ScriptedImporter) -> (artifact id: 'c77fd7bf365fe45ca607ea5e9cc766fe') in 0.0133347 seconds
Number of updated asset objects reloaded before import = 0Number of asset objects unloaded after import = 1

========================================================================
Received Import Request.
  Time since last request: 0.000028 seconds.
  path: Assets/Sprites/Planes/Blenheim/Type_1/Animation/2.png
  artifactKey: Guid(0a81f9f7d1f0e6548a6ed5263af64996) Importer(2089858483,0ecaa5967403d082aa24f35e1b516d23)
Start importing Assets/Sprites/Planes/Blenheim/Type_1/Animation/2.png using Guid(0a81f9f7d1f0e6548a6ed5263af64996) Importer(2089858483,0ecaa5967403d082aa24f35e1b516d23) (ScriptedImporter) -> (artifact id: '09e71c52995d610f7959e7abda3d43c3') in 0.0178905 seconds
Number of updated asset objects reloaded before import = 0Number of asset objects unloaded after import = 1

========================================================================
Received Import Request.
  Time since last request: 0.000025 seconds.
  path: Assets/Sprites/Planes/Hawker Tempest MKII/Type_3/Animation/2.png
  artifactKey: Guid(08de76ad71f1cd544a209e515b6776d7) Importer(2089858483,0ecaa5967403d082aa24f35e1b516d23)
Start importing Assets/Sprites/Planes/Hawker Tempest MKII/Type_3/Animation/2.png using Guid(08de76ad71f1cd544a209e515b6776d7) Importer(2089858483,0ecaa5967403d082aa24f35e1b516d23) (ScriptedImporter) -> (artifact id: 'c0736bf86f5dabf9ea8191de6606e39c') in 0.0157567 seconds
Number of updated asset objects reloaded before import = 0Number of asset objects unloaded after import = 1

========================================================================
Received Import Request.
  Time since last request: 0.000025 seconds.
  path: Assets/Sprites/Planes/BF-109E/Type-1/Animation/1.png
  artifactKey: Guid(be1c0e5b67811dc4f916059732275183) Importer(2089858483,0ecaa5967403d082aa24f35e1b516d23)
Start importing Assets/Sprites/Planes/BF-109E/Type-1/Animation/1.png using Guid(be1c0e5b67811dc4f916059732275183) Importer(2089858483,0ecaa5967403d082aa24f35e1b516d23) (ScriptedImporter) -> (artifact id: '080e9f263551cadd54e5cfd9fab9b281') in 0.0154587 seconds
Number of updated asset objects reloaded before import = 0Number of asset objects unloaded after import = 1

========================================================================
Received Import Request.
  Time since last request: 0.000024 seconds.
  path: Assets/Sprites/Planes/B-17/Type-4/Animated/3.png
  artifactKey: Guid(b552d99d2c6c5204a9e10b0346b8df89) Importer(2089858483,0ecaa5967403d082aa24f35e1b516d23)
Start importing Assets/Sprites/Planes/B-17/Type-4/Animated/3.png using Guid(b552d99d2c6c5204a9e10b0346b8df89) Importer(2089858483,0ecaa5967403d082aa24f35e1b516d23) (ScriptedImporter) -> (artifact id: 'e1c77098ea7402378178192a0d563759') in 0.0135247 seconds
Number of updated asset objects reloaded before import = 0Number of asset objects unloaded after import = 1

========================================================================
Received Import Request.
  Time since last request: 0.000017 seconds.
  path: Assets/Sprites/Planes/BF-109E/Type-3/Animation/1.png
  artifactKey: Guid(8261d4058f969824da503e0ea7a119cf) Importer(2089858483,0ecaa5967403d082aa24f35e1b516d23)
Start importing Assets/Sprites/Planes/BF-109E/Type-3/Animation/1.png using Guid(8261d4058f969824da503e0ea7a119cf) Importer(2089858483,0ecaa5967403d082aa24f35e1b516d23) (ScriptedImporter) -> (artifact id: '6996ca0fb151f69bb9d21b8e4d475abe') in 0.0129204 seconds
Number of updated asset objects reloaded before import = 0Number of asset objects unloaded after import = 1

========================================================================
Received Import Request.
  Time since last request: 0.000014 seconds.
  path: Assets/Sprites/Planes/B-17/Type-3/Animated/2.png
  artifactKey: Guid(c59d5d881a16e8341a8bb99811165cc0) Importer(2089858483,0ecaa5967403d082aa24f35e1b516d23)
Start importing Assets/Sprites/Planes/B-17/Type-3/Animated/2.png using Guid(c59d5d881a16e8341a8bb99811165cc0) Importer(2089858483,0ecaa5967403d082aa24f35e1b516d23) (ScriptedImporter) -> (artifact id: 'd37a448d071090c4cfb25179655641b0') in 0.0118798 seconds
Number of updated asset objects reloaded before import = 0Number of asset objects unloaded after import = 1

========================================================================
Received Import Request.
  Time since last request: 0.000022 seconds.
  path: Assets/Sprites/Planes/BF-109E/Type-1/Animation/3.png
  artifactKey: Guid(264b9c47aa6437c4f8eb0d3a684fc95b) Importer(2089858483,0ecaa5967403d082aa24f35e1b516d23)
Start importing Assets/Sprites/Planes/BF-109E/Type-1/Animation/3.png using Guid(264b9c47aa6437c4f8eb0d3a684fc95b) Importer(2089858483,0ecaa5967403d082aa24f35e1b516d23) (ScriptedImporter) -> (artifact id: '65b66b35c2807f4b9e3297efec5bbad6') in 0.0119873 seconds
Number of updated asset objects reloaded before import = 0Number of asset objects unloaded after import = 1

========================================================================
Received Import Request.
  Time since last request: 0.000033 seconds.
  path: Assets/Sprites/Planes/Bipolar Plane/Type_2/Animation/2.png
  artifactKey: Guid(81508771682ee1b4aa035251997fe83f) Importer(2089858483,0ecaa5967403d082aa24f35e1b516d23)
Start importing Assets/Sprites/Planes/Bipolar Plane/Type_2/Animation/2.png using Guid(81508771682ee1b4aa035251997fe83f) Importer(2089858483,0ecaa5967403d082aa24f35e1b516d23) (ScriptedImporter) -> (artifact id: '198e5e7e9d9a77ed147e98bd650729ef') in 0.012662 seconds
Number of updated asset objects reloaded before import = 0Number of asset objects unloaded after import = 1

========================================================================
Received Import Request.
  Time since last request: 0.000027 seconds.
  path: Assets/Sprites/Planes/Hawker Tempest MKII/Type_2/Animation/2.png
  artifactKey: Guid(3e5e55b2a7ceef94b9c99088b03b2af1) Importer(2089858483,0ecaa5967403d082aa24f35e1b516d23)
Start importing Assets/Sprites/Planes/Hawker Tempest MKII/Type_2/Animation/2.png using Guid(3e5e55b2a7ceef94b9c99088b03b2af1) Importer(2089858483,0ecaa5967403d082aa24f35e1b516d23) (ScriptedImporter) -> (artifact id: 'db208a55009a88730375700a9ddf4042') in 0.0115497 seconds
Number of updated asset objects reloaded before import = 0Number of asset objects unloaded after import = 1

========================================================================
Received Import Request.
  Time since last request: 0.000092 seconds.
  path: Assets/Sprites/Planes/B-17/Type-2/Animated/2.png
  artifactKey: Guid(a4493d063a427d74c91bd426a5ef3e03) Importer(2089858483,0ecaa5967403d082aa24f35e1b516d23)
Start importing Assets/Sprites/Planes/B-17/Type-2/Animated/2.png using Guid(a4493d063a427d74c91bd426a5ef3e03) Importer(2089858483,0ecaa5967403d082aa24f35e1b516d23) (ScriptedImporter) -> (artifact id: 'a96ddea3c17aa3fb4f7cc58f6e40e46c') in 0.0108788 seconds
Number of updated asset objects reloaded before import = 0Number of asset objects unloaded after import = 1

========================================================================
Received Import Request.
  Time since last request: 0.000023 seconds.
  path: Assets/Sprites/Planes/BF-109E/Type-3/Type2_2.png
  artifactKey: Guid(489c877d647125944ad7da9129b922d2) Importer(2089858483,0ecaa5967403d082aa24f35e1b516d23)
Start importing Assets/Sprites/Planes/BF-109E/Type-3/Type2_2.png using Guid(489c877d647125944ad7da9129b922d2) Importer(2089858483,0ecaa5967403d082aa24f35e1b516d23) (ScriptedImporter) -> (artifact id: '2f3f04a139ebbfd86dcaf20e743ef321') in 0.0142859 seconds
Number of updated asset objects reloaded before import = 0Number of asset objects unloaded after import = 1

========================================================================
Received Import Request.
  Time since last request: 0.000017 seconds.
  path: Assets/Sprites/Planes/B-17/Type-2/Animated/3.png
  artifactKey: Guid(7d150c66ad5cded40acc0d1bf7784559) Importer(2089858483,0ecaa5967403d082aa24f35e1b516d23)
Start importing Assets/Sprites/Planes/B-17/Type-2/Animated/3.png using Guid(7d150c66ad5cded40acc0d1bf7784559) Importer(2089858483,0ecaa5967403d082aa24f35e1b516d23) (ScriptedImporter) -> (artifact id: '12381df288d16ad7ea8c64b17f7635a6') in 0.0110216 seconds
Number of updated asset objects reloaded before import = 0Number of asset objects unloaded after import = 1

========================================================================
Received Import Request.
  Time since last request: 0.000115 seconds.
  path: Assets/Sprites/Planes/B-17/Type-1/Animation/2.png
  artifactKey: Guid(c95f1687f01b79240bd595ab84f041f0) Importer(2089858483,0ecaa5967403d082aa24f35e1b516d23)
Start importing Assets/Sprites/Planes/B-17/Type-1/Animation/2.png using Guid(c95f1687f01b79240bd595ab84f041f0) Importer(2089858483,0ecaa5967403d082aa24f35e1b516d23) (ScriptedImporter) -> (artifact id: '0c3194a8846a903ba730b2c09863768f') in 0.0126197 seconds
Number of updated asset objects reloaded before import = 0Number of asset objects unloaded after import = 1

========================================================================
Received Import Request.
  Time since last request: 0.000027 seconds.
  path: Assets/Sprites/Planes/Hawker Tempest MKII/Type_3/type_3.png
  artifactKey: Guid(d9bb6c607075e4e4c8857be596ff21d7) Importer(2089858483,0ecaa5967403d082aa24f35e1b516d23)
Start importing Assets/Sprites/Planes/Hawker Tempest MKII/Type_3/type_3.png using Guid(d9bb6c607075e4e4c8857be596ff21d7) Importer(2089858483,0ecaa5967403d082aa24f35e1b516d23) (ScriptedImporter) -> (artifact id: 'd87a55cb9c09ab8a9fffcba33c555372') in 0.0139368 seconds
Number of updated asset objects reloaded before import = 0Number of asset objects unloaded after import = 1

========================================================================
Received Import Request.
  Time since last request: 0.000018 seconds.
  path: Assets/Sprites/Planes/Bipolar Plane/Type_5/Animation/3.png
  artifactKey: Guid(203a037f5ef4e914c87496a32467f350) Importer(2089858483,0ecaa5967403d082aa24f35e1b516d23)
Start importing Assets/Sprites/Planes/Bipolar Plane/Type_5/Animation/3.png using Guid(203a037f5ef4e914c87496a32467f350) Importer(2089858483,0ecaa5967403d082aa24f35e1b516d23) (ScriptedImporter) -> (artifact id: '6586422246ef92bd9db7003ec3c2c577') in 0.0158226 seconds
Number of updated asset objects reloaded before import = 0Number of asset objects unloaded after import = 1

========================================================================
Received Import Request.
  Time since last request: 0.000048 seconds.
  path: Assets/Sprites/Planes/B-17/Type-3/Animated/3.png
  artifactKey: Guid(d9b7b444c41f26545966e96430c7752a) Importer(2089858483,0ecaa5967403d082aa24f35e1b516d23)
Start importing Assets/Sprites/Planes/B-17/Type-3/Animated/3.png using Guid(d9b7b444c41f26545966e96430c7752a) Importer(2089858483,0ecaa5967403d082aa24f35e1b516d23) (ScriptedImporter) -> (artifact id: '3a1c0a992398735de2dbfa9771548b50') in 0.1042602 seconds
Number of updated asset objects reloaded before import = 0Number of asset objects unloaded after import = 1

========================================================================
Received Import Request.
  Time since last request: 0.016832 seconds.
  path: Assets/Sprites/Explosion/Explosion_00024.png
  artifactKey: Guid(d31b68f5924a35441b1d3a7429bd50bd) Importer(2089858483,0ecaa5967403d082aa24f35e1b516d23)
Start importing Assets/Sprites/Explosion/Explosion_00024.png using Guid(d31b68f5924a35441b1d3a7429bd50bd) Importer(2089858483,0ecaa5967403d082aa24f35e1b516d23) (ScriptedImporter) -> (artifact id: 'a45fa1a4a3824b47cd9d5965a3ed6aec') in 0.0120781 seconds
Number of updated asset objects reloaded before import = 0Number of asset objects unloaded after import = 3

========================================================================
Received Import Request.
  Time since last request: 0.000017 seconds.
  path: Assets/Sprites/cloud.png
  artifactKey: Guid(1a93f711a29024248a3479a68cd7b87a) Importer(2089858483,0ecaa5967403d082aa24f35e1b516d23)
Start importing Assets/Sprites/cloud.png using Guid(1a93f711a29024248a3479a68cd7b87a) Importer(2089858483,0ecaa5967403d082aa24f35e1b516d23) (ScriptedImporter) -> (artifact id: 'dc04e6c8d048d079f19c9c12f25e329f') in 0.0108798 seconds
Number of updated asset objects reloaded before import = 0Number of asset objects unloaded after import = 3

========================================================================
Received Import Request.
  Time since last request: 0.000017 seconds.
  path: Assets/Scripts/Enemy_2_Spawner.cs
  artifactKey: Guid(ac5d557db7d8a6543b7155d8914f09b2) Importer(2089858483,0ecaa5967403d082aa24f35e1b516d23)
Start importing Assets/Scripts/Enemy_2_Spawner.cs using Guid(ac5d557db7d8a6543b7155d8914f09b2) Importer(2089858483,0ecaa5967403d082aa24f35e1b516d23) (ScriptedImporter) -> (artifact id: '4199a66b9ff966c520806e0789156f7d') in 0.00429 seconds
Number of updated asset objects reloaded before import = 0Number of asset objects unloaded after import = 0

========================================================================
Received Import Request.
  Time since last request: 0.000110 seconds.
  path: Assets/Sprites/Planes/Bipolar Plane/Type_5/Biploar_type5_2.png
  artifactKey: Guid(301eb31fffa5f144c99774eb8062205b) Importer(2089858483,0ecaa5967403d082aa24f35e1b516d23)
Start importing Assets/Sprites/Planes/Bipolar Plane/Type_5/Biploar_type5_2.png using Guid(301eb31fffa5f144c99774eb8062205b) Importer(2089858483,0ecaa5967403d082aa24f35e1b516d23) (ScriptedImporter) -> (artifact id: '130f13c5d7807a3b105dbe115e3fba8c') in 0.0151094 seconds
Number of updated asset objects reloaded before import = 0Number of asset objects unloaded after import = 1

========================================================================
Received Import Request.
  Time since last request: 0.000046 seconds.
  path: Assets/Sprites/Planes/TBM3/Type_2/type_2_1.png
  artifactKey: Guid(d0ac61ea7abb72b499e451e829c34c71) Importer(2089858483,0ecaa5967403d082aa24f35e1b516d23)
Start importing Assets/Sprites/Planes/TBM3/Type_2/type_2_1.png using Guid(d0ac61ea7abb72b499e451e829c34c71) Importer(2089858483,0ecaa5967403d082aa24f35e1b516d23) (ScriptedImporter) -> (artifact id: '6c66ba72a36f0d4c1799695fd8e7ea92') in 0.0197548 seconds
Number of updated asset objects reloaded before import = 0Number of asset objects unloaded after import = 1

========================================================================
Received Import Request.
  Time since last request: 0.000023 seconds.
  path: Assets/Sprites/Planes/Blenheim/Type_2/Colorable_blenheim_2.png
  artifactKey: Guid(9ff91e50ae9018e42b9090357989297f) Importer(2089858483,0ecaa5967403d082aa24f35e1b516d23)
Start importing Assets/Sprites/Planes/Blenheim/Type_2/Colorable_blenheim_2.png using Guid(9ff91e50ae9018e42b9090357989297f) Importer(2089858483,0ecaa5967403d082aa24f35e1b516d23) (ScriptedImporter) -> (artifact id: 'dbbd3d2782bac40fe845285764144d73') in 0.0124612 seconds
Number of updated asset objects reloaded before import = 0Number of asset objects unloaded after import = 1

========================================================================
Received Import Request.
  Time since last request: 0.000033 seconds.
  path: Assets/Sprites/Planes/Bipolar Plane/Type_3/Animation/2.png
  artifactKey: Guid(85641e2b97ccf2d4ca9ee428b14cb0ff) Importer(2089858483,0ecaa5967403d082aa24f35e1b516d23)
Start importing Assets/Sprites/Planes/Bipolar Plane/Type_3/Animation/2.png using Guid(85641e2b97ccf2d4ca9ee428b14cb0ff) Importer(2089858483,0ecaa5967403d082aa24f35e1b516d23) (ScriptedImporter) -> (artifact id: '57149c264c356eb59120219e7df6cf7e') in 0.0183919 seconds
Number of updated asset objects reloaded before import = 0Number of asset objects unloaded after import = 1

========================================================================
Received Import Request.
  Time since last request: 0.000020 seconds.
  path: Assets/Sprites/Planes/Bipolar Plane/Type_1/Animated/3.png
  artifactKey: Guid(8e2e0586ce23a84428fe730ebbbb22df) Importer(2089858483,0ecaa5967403d082aa24f35e1b516d23)
Start importing Assets/Sprites/Planes/Bipolar Plane/Type_1/Animated/3.png using Guid(8e2e0586ce23a84428fe730ebbbb22df) Importer(2089858483,0ecaa5967403d082aa24f35e1b516d23) (ScriptedImporter) -> (artifact id: 'c8db21a8549c31f9c5617be9c70d593e') in 0.0193328 seconds
Number of updated asset objects reloaded before import = 0Number of asset objects unloaded after import = 1

========================================================================
Received Import Request.
  Time since last request: 0.000021 seconds.
  path: Assets/Sprites/Planes/TBM3/Type_2/Animation/1.png
  artifactKey: Guid(fa563f9cb0b84bb4889baafd476986b2) Importer(2089858483,0ecaa5967403d082aa24f35e1b516d23)
Start importing Assets/Sprites/Planes/TBM3/Type_2/Animation/1.png using Guid(fa563f9cb0b84bb4889baafd476986b2) Importer(2089858483,0ecaa5967403d082aa24f35e1b516d23) (ScriptedImporter) -> (artifact id: '3b170a0dafc087386dc26102513a5452') in 0.0119663 seconds
Number of updated asset objects reloaded before import = 0Number of asset objects unloaded after import = 1

========================================================================
Received Import Request.
  Time since last request: 0.000031 seconds.
  path: Assets/Sprites/Planes/TBM3/Type_2/Animation/2.png
  artifactKey: Guid(94e36d011ab727740b2f2b258c700aff) Importer(2089858483,0ecaa5967403d082aa24f35e1b516d23)
Start importing Assets/Sprites/Planes/TBM3/Type_2/Animation/2.png using Guid(94e36d011ab727740b2f2b258c700aff) Importer(2089858483,0ecaa5967403d082aa24f35e1b516d23) (ScriptedImporter) -> (artifact id: 'dc2abc2688bad20d5245c2d4c3e52085') in 0.0116681 seconds
Number of updated asset objects reloaded before import = 0Number of asset objects unloaded after import = 1

========================================================================
Received Import Request.
  Time since last request: 0.000091 seconds.
  path: Assets/Sprites/Planes/TBM3/Type_3/Animation/1.png
  artifactKey: Guid(024f1845e9057d848a12595e03fe5fce) Importer(2089858483,0ecaa5967403d082aa24f35e1b516d23)
Start importing Assets/Sprites/Planes/TBM3/Type_3/Animation/1.png using Guid(024f1845e9057d848a12595e03fe5fce) Importer(2089858483,0ecaa5967403d082aa24f35e1b516d23) (ScriptedImporter) -> (artifact id: 'bfa897132acdf52dd2355ef1645d73d3') in 0.0179966 seconds
Number of updated asset objects reloaded before import = 0Number of asset objects unloaded after import = 1

========================================================================
Received Import Request.
  Time since last request: 0.000031 seconds.
  path: Assets/Sprites/Planes/TBM3/Type_3/Animation/3.png
  artifactKey: Guid(411718df116abd045a25c4b29784899e) Importer(2089858483,0ecaa5967403d082aa24f35e1b516d23)
Start importing Assets/Sprites/Planes/TBM3/Type_3/Animation/3.png using Guid(411718df116abd045a25c4b29784899e) Importer(2089858483,0ecaa5967403d082aa24f35e1b516d23) (ScriptedImporter) -> (artifact id: 'b40aacfb983bc198cab8d452fcb224eb') in 0.0199617 seconds
Number of updated asset objects reloaded before import = 0Number of asset objects unloaded after import = 1

========================================================================
Received Import Request.
  Time since last request: 0.000021 seconds.
  path: Assets/Sprites/Planes/TBM3/Type_2/Animation/3.png
  artifactKey: Guid(7750eb327886ea94dbe5ee29b081511e) Importer(2089858483,0ecaa5967403d082aa24f35e1b516d23)
Start importing Assets/Sprites/Planes/TBM3/Type_2/Animation/3.png using Guid(7750eb327886ea94dbe5ee29b081511e) Importer(2089858483,0ecaa5967403d082aa24f35e1b516d23) (ScriptedImporter) -> (artifact id: '464bffa30bba328f1ef97ffc16a56124') in 0.0128732 seconds
Number of updated asset objects reloaded before import = 0Number of asset objects unloaded after import = 1

========================================================================
Received Import Request.
  Time since last request: 0.000032 seconds.
  path: Assets/Sprites/Planes/BF-109E/Type-4/Animated/2.png
  artifactKey: Guid(b8aa96787932fc9478a964144837ae2e) Importer(2089858483,0ecaa5967403d082aa24f35e1b516d23)
Start importing Assets/Sprites/Planes/BF-109E/Type-4/Animated/2.png using Guid(b8aa96787932fc9478a964144837ae2e) Importer(2089858483,0ecaa5967403d082aa24f35e1b516d23) (ScriptedImporter) -> (artifact id: '10621b60e6146c7e4a1eb78fde36146d') in 0.020406 seconds
Number of updated asset objects reloaded before import = 0Number of asset objects unloaded after import = 1

========================================================================
Received Import Request.
  Time since last request: 0.000040 seconds.
  path: Assets/Sprites/Planes/B-17/Type-4/Animated/1.png
  artifactKey: Guid(7252e7df5e6bbd048ab82897f636668b) Importer(2089858483,0ecaa5967403d082aa24f35e1b516d23)
Start importing Assets/Sprites/Planes/B-17/Type-4/Animated/1.png using Guid(7252e7df5e6bbd048ab82897f636668b) Importer(2089858483,0ecaa5967403d082aa24f35e1b516d23) (ScriptedImporter) -> (artifact id: 'd1e886722dd4858653bc97b09f61d067') in 0.0127832 seconds
Number of updated asset objects reloaded before import = 0Number of asset objects unloaded after import = 1

========================================================================
Received Import Request.
  Time since last request: 0.000018 seconds.
  path: Assets/Sprites/Planes/JU-87B2/Type_1/Animation/2.png
  artifactKey: Guid(65288ccaf66efce4ebeaddfc3a387a61) Importer(2089858483,0ecaa5967403d082aa24f35e1b516d23)
Start importing Assets/Sprites/Planes/JU-87B2/Type_1/Animation/2.png using Guid(65288ccaf66efce4ebeaddfc3a387a61) Importer(2089858483,0ecaa5967403d082aa24f35e1b516d23) (ScriptedImporter) -> (artifact id: '2fff8428dafbec3003ac0b597bc3ee43') in 0.0120515 seconds
Number of updated asset objects reloaded before import = 0Number of asset objects unloaded after import = 1

========================================================================
Received Import Request.
  Time since last request: 0.000020 seconds.
  path: Assets/Sprites/Planes/TBM3/Type_1/Animation/1.png
  artifactKey: Guid(a4c7cb39475d5694f9c13b4d07e88e56) Importer(2089858483,0ecaa5967403d082aa24f35e1b516d23)
Start importing Assets/Sprites/Planes/TBM3/Type_1/Animation/1.png using Guid(a4c7cb39475d5694f9c13b4d07e88e56) Importer(2089858483,0ecaa5967403d082aa24f35e1b516d23) (ScriptedImporter) -> (artifact id: 'cfdfe102848844cedd13549007b8ea11') in 0.0120481 seconds
Number of updated asset objects reloaded before import = 0Number of asset objects unloaded after import = 1

========================================================================
Received Import Request.
  Time since last request: 0.000025 seconds.
  path: Assets/Sprites/Planes/Bipolar Plane/Type_2/Animation/1.png
  artifactKey: Guid(a485026c6bbd8b049b0c764677a888ad) Importer(2089858483,0ecaa5967403d082aa24f35e1b516d23)
Start importing Assets/Sprites/Planes/Bipolar Plane/Type_2/Animation/1.png using Guid(a485026c6bbd8b049b0c764677a888ad) Importer(2089858483,0ecaa5967403d082aa24f35e1b516d23) (ScriptedImporter) -> (artifact id: 'c87348792bdaafa2768b42a100a2949b') in 0.0153284 seconds
Number of updated asset objects reloaded before import = 0Number of asset objects unloaded after import = 1

========================================================================
Received Import Request.
  Time since last request: 0.000021 seconds.
  path: Assets/Sprites/Planes/Bipolar Plane/Type_5/Animation/2.png
  artifactKey: Guid(7b70caddce0c3db4094501d12e464a8a) Importer(2089858483,0ecaa5967403d082aa24f35e1b516d23)
Start importing Assets/Sprites/Planes/Bipolar Plane/Type_5/Animation/2.png using Guid(7b70caddce0c3db4094501d12e464a8a) Importer(2089858483,0ecaa5967403d082aa24f35e1b516d23) (ScriptedImporter) -> (artifact id: 'bd7f916eab49dcc9ba36d8ea1835c136') in 0.0146018 seconds
Number of updated asset objects reloaded before import = 0Number of asset objects unloaded after import = 1

========================================================================
Received Import Request.
  Time since last request: 0.000020 seconds.
  path: Assets/Sprites/Planes/TBM3/Type_3/type_3.png
  artifactKey: Guid(410e4546a621fd84a91e080db974df7c) Importer(2089858483,0ecaa5967403d082aa24f35e1b516d23)
Start importing Assets/Sprites/Planes/TBM3/Type_3/type_3.png using Guid(410e4546a621fd84a91e080db974df7c) Importer(2089858483,0ecaa5967403d082aa24f35e1b516d23) (ScriptedImporter) -> (artifact id: '792e631cc4aa4126e7c304dc33074355') in 0.0124717 seconds
Number of updated asset objects reloaded before import = 0Number of asset objects unloaded after import = 1

========================================================================
Received Import Request.
  Time since last request: 0.000020 seconds.
  path: Assets/Sprites/Planes/Bipolar Plane/Type_4/Animation/2.png
  artifactKey: Guid(7a0afcdceace06a4db5e4ee5b81cac95) Importer(2089858483,0ecaa5967403d082aa24f35e1b516d23)
Start importing Assets/Sprites/Planes/Bipolar Plane/Type_4/Animation/2.png using Guid(7a0afcdceace06a4db5e4ee5b81cac95) Importer(2089858483,0ecaa5967403d082aa24f35e1b516d23) (ScriptedImporter) -> (artifact id: '265c4a89b0a644bcf0e3e1eae852ee7b') in 0.0154048 seconds
Number of updated asset objects reloaded before import = 0Number of asset objects unloaded after import = 1

========================================================================
Received Import Request.
  Time since last request: 0.000025 seconds.
  path: Assets/Sprites/Planes/Bipolar Plane/Type_4/Biploar_type4_1.png
  artifactKey: Guid(8aeecf44f8c5d4b4487f3be15ab0f455) Importer(2089858483,0ecaa5967403d082aa24f35e1b516d23)
Start importing Assets/Sprites/Planes/Bipolar Plane/Type_4/Biploar_type4_1.png using Guid(8aeecf44f8c5d4b4487f3be15ab0f455) Importer(2089858483,0ecaa5967403d082aa24f35e1b516d23) (ScriptedImporter) -> (artifact id: '82ebad04e60b17eb835a67220a900f21') in 0.0168645 seconds
Number of updated asset objects reloaded before import = 0Number of asset objects unloaded after import = 1

========================================================================
Received Import Request.
  Time since last request: 0.000065 seconds.
  path: Assets/Sprites/Planes/TBM3/Type_1/Animation/3.png
  artifactKey: Guid(716d235f04f425d44868db9dcaf233e9) Importer(2089858483,0ecaa5967403d082aa24f35e1b516d23)
Start importing Assets/Sprites/Planes/TBM3/Type_1/Animation/3.png using Guid(716d235f04f425d44868db9dcaf233e9) Importer(2089858483,0ecaa5967403d082aa24f35e1b516d23) (ScriptedImporter) -> (artifact id: '05d356023577226c738cc2db838f70ac') in 0.0099554 seconds
Number of updated asset objects reloaded before import = 0Number of asset objects unloaded after import = 1

========================================================================
Received Import Request.
  Time since last request: 0.000017 seconds.
  path: Assets/Sprites/Planes/JU-87B2/Type_2/Animation/2.png
  artifactKey: Guid(fa883a2f1a48a5b4cbff0145c9b705a1) Importer(2089858483,0ecaa5967403d082aa24f35e1b516d23)
Start importing Assets/Sprites/Planes/JU-87B2/Type_2/Animation/2.png using Guid(fa883a2f1a48a5b4cbff0145c9b705a1) Importer(2089858483,0ecaa5967403d082aa24f35e1b516d23) (ScriptedImporter) -> (artifact id: '1aefa4d14adf516e9d087e38abd308d7') in 0.0186182 seconds
Number of updated asset objects reloaded before import = 0Number of asset objects unloaded after import = 1

========================================================================
Received Import Request.
  Time since last request: 0.000042 seconds.
  path: Assets/Sprites/Planes/Hawker Tempest MKII/Type_2/Hawker_type_2.png
  artifactKey: Guid(c348b0fc074f43d4fb71bda309e83f1f) Importer(2089858483,0ecaa5967403d082aa24f35e1b516d23)
Start importing Assets/Sprites/Planes/Hawker Tempest MKII/Type_2/Hawker_type_2.png using Guid(c348b0fc074f43d4fb71bda309e83f1f) Importer(2089858483,0ecaa5967403d082aa24f35e1b516d23) (ScriptedImporter) -> (artifact id: '344713af8a8d9bb046537cd8b73117a5') in 0.0176674 seconds
Number of updated asset objects reloaded before import = 0Number of asset objects unloaded after import = 1

========================================================================
Received Import Request.
  Time since last request: 0.000062 seconds.
  path: Assets/Sprites/Planes/Blenheim/Type_1/Blemheim_progress_3.png
  artifactKey: Guid(33d3efb375916ea46b5541d5b12d7753) Importer(2089858483,0ecaa5967403d082aa24f35e1b516d23)
Start importing Assets/Sprites/Planes/Blenheim/Type_1/Blemheim_progress_3.png using Guid(33d3efb375916ea46b5541d5b12d7753) Importer(2089858483,0ecaa5967403d082aa24f35e1b516d23) (ScriptedImporter) -> (artifact id: '899bc16aa82345868a939944877aac6c') in 0.0118183 seconds
Number of updated asset objects reloaded before import = 0Number of asset objects unloaded after import = 1

========================================================================
Received Import Request.
  Time since last request: 0.000052 seconds.
  path: Assets/Sprites/Planes/Bipolar Plane/Type_4/Animation/1.png
  artifactKey: Guid(584ac6e2267bd50419c5d3cc48c8e9f4) Importer(2089858483,0ecaa5967403d082aa24f35e1b516d23)
Start importing Assets/Sprites/Planes/Bipolar Plane/Type_4/Animation/1.png using Guid(584ac6e2267bd50419c5d3cc48c8e9f4) Importer(2089858483,0ecaa5967403d082aa24f35e1b516d23) (ScriptedImporter) -> (artifact id: 'dfa6117aeda3410240c0c39c3892888c') in 0.012245 seconds
Number of updated asset objects reloaded before import = 0Number of asset objects unloaded after import = 1

========================================================================
Received Import Request.
  Time since last request: 0.000019 seconds.
  path: Assets/Sprites/Planes/BF-109E/Type-4/new_plane_6.png
  artifactKey: Guid(d5909ab89bd133c45abd749786154bd4) Importer(2089858483,0ecaa5967403d082aa24f35e1b516d23)
Start importing Assets/Sprites/Planes/BF-109E/Type-4/new_plane_6.png using Guid(d5909ab89bd133c45abd749786154bd4) Importer(2089858483,0ecaa5967403d082aa24f35e1b516d23) (ScriptedImporter) -> (artifact id: 'af164d54c9a73fa67ab87cd605c0fb1a') in 0.0149492 seconds
Number of updated asset objects reloaded before import = 0Number of asset objects unloaded after import = 1

========================================================================
Received Import Request.
  Time since last request: 0.000050 seconds.
  path: Assets/Sprites/Planes/Hawker Tempest MKII/Type_2/Animation/3.png
  artifactKey: Guid(babf66dcbad13e647af53200f43f5ff6) Importer(2089858483,0ecaa5967403d082aa24f35e1b516d23)
Start importing Assets/Sprites/Planes/Hawker Tempest MKII/Type_2/Animation/3.png using Guid(babf66dcbad13e647af53200f43f5ff6) Importer(2089858483,0ecaa5967403d082aa24f35e1b516d23) (ScriptedImporter) -> (artifact id: 'b4d918249e2f7a5516b57cb5b93e6bd8') in 0.011689 seconds
Number of updated asset objects reloaded before import = 0Number of asset objects unloaded after import = 1

========================================================================
Received Import Request.
  Time since last request: 0.000020 seconds.
  path: Assets/Sprites/Planes/Hawker Tempest MKII/Type_1/Animated/1.png
  artifactKey: Guid(57f042e9723e6ab4daf92e51c3da2f12) Importer(2089858483,0ecaa5967403d082aa24f35e1b516d23)
Start importing Assets/Sprites/Planes/Hawker Tempest MKII/Type_1/Animated/1.png using Guid(57f042e9723e6ab4daf92e51c3da2f12) Importer(2089858483,0ecaa5967403d082aa24f35e1b516d23) (ScriptedImporter) -> (artifact id: '62c892c7bfef72a538b1b418c29cdf28') in 0.0121922 seconds
Number of updated asset objects reloaded before import = 0Number of asset objects unloaded after import = 1

========================================================================
Received Import Request.
  Time since last request: 0.000026 seconds.
  path: Assets/Sprites/Explosion/Explosion_00118.png
  artifactKey: Guid(c2fe73a743ab2564dacd9e36aea2c221) Importer(2089858483,0ecaa5967403d082aa24f35e1b516d23)
Start importing Assets/Sprites/Explosion/Explosion_00118.png using Guid(c2fe73a743ab2564dacd9e36aea2c221) Importer(2089858483,0ecaa5967403d082aa24f35e1b516d23) (ScriptedImporter) -> (artifact id: '02e774eb24b6b28fe646c9377b392f6e') in 0.0122543 seconds
Number of updated asset objects reloaded before import = 0Number of asset objects unloaded after import = 3

========================================================================
Received Import Request.
  Time since last request: 0.000019 seconds.
  path: Assets/Sprites/Planes/Bipolar Plane/Type_7/Animated/1.png
  artifactKey: Guid(7d9709185588ea04c937c0f117b36783) Importer(2089858483,0ecaa5967403d082aa24f35e1b516d23)
Start importing Assets/Sprites/Planes/Bipolar Plane/Type_7/Animated/1.png using Guid(7d9709185588ea04c937c0f117b36783) Importer(2089858483,0ecaa5967403d082aa24f35e1b516d23) (ScriptedImporter) -> (artifact id: 'ac131ed9d769c042f9d8573030bf30e1') in 0.0205495 seconds
Number of updated asset objects reloaded before import = 0Number of asset objects unloaded after import = 1

========================================================================
Received Import Request.
  Time since last request: 0.000070 seconds.
  path: Assets/Sprites/Explosion/Explosion_00011.png
  artifactKey: Guid(597045bcc90942b4490dbc85ff59e9ec) Importer(2089858483,0ecaa5967403d082aa24f35e1b516d23)
Start importing Assets/Sprites/Explosion/Explosion_00011.png using Guid(597045bcc90942b4490dbc85ff59e9ec) Importer(2089858483,0ecaa5967403d082aa24f35e1b516d23) (ScriptedImporter) -> (artifact id: 'e934d79c6c984f16cacf6f7321c09c03') in 0.0129954 seconds
Number of updated asset objects reloaded before import = 0Number of asset objects unloaded after import = 3

========================================================================
Received Import Request.
  Time since last request: 0.000024 seconds.
  path: Assets/Sprites/Explosion/Explosion_00126.png
  artifactKey: Guid(e52acfb1f594d4145afcb203d67eda95) Importer(2089858483,0ecaa5967403d082aa24f35e1b516d23)
Start importing Assets/Sprites/Explosion/Explosion_00126.png using Guid(e52acfb1f594d4145afcb203d67eda95) Importer(2089858483,0ecaa5967403d082aa24f35e1b516d23) (ScriptedImporter) -> (artifact id: 'bb1148b51be941c49a35962da7ff7bcc') in 0.0132347 seconds
Number of updated asset objects reloaded before import = 0Number of asset objects unloaded after import = 3

========================================================================
Received Import Request.
  Time since last request: 0.000030 seconds.
  path: Assets/Sprites/Planes/JU-87B2/Type_1/JU87B2 -progress_4.png
  artifactKey: Guid(9f997e8e71e30294fb6f91a846ce9550) Importer(2089858483,0ecaa5967403d082aa24f35e1b516d23)
Start importing Assets/Sprites/Planes/JU-87B2/Type_1/JU87B2 -progress_4.png using Guid(9f997e8e71e30294fb6f91a846ce9550) Importer(2089858483,0ecaa5967403d082aa24f35e1b516d23) (ScriptedImporter) -> (artifact id: 'b9592a2f28a420f823eaa8a8ec22d56d') in 0.0163473 seconds
Number of updated asset objects reloaded before import = 0Number of asset objects unloaded after import = 1

========================================================================
Received Import Request.
  Time since last request: 0.000040 seconds.
  path: Assets/Sprites/Explosion/Explosion_00027.png
  artifactKey: Guid(a0db1ad2cdda5914dafbab548d99e5ab) Importer(2089858483,0ecaa5967403d082aa24f35e1b516d23)
Start importing Assets/Sprites/Explosion/Explosion_00027.png using Guid(a0db1ad2cdda5914dafbab548d99e5ab) Importer(2089858483,0ecaa5967403d082aa24f35e1b516d23) (ScriptedImporter) -> (artifact id: '98c7431026be5006d13e2e6e4fd3fbd9') in 0.0140222 seconds
Number of updated asset objects reloaded before import = 0Number of asset objects unloaded after import = 3

========================================================================
Received Import Request.
  Time since last request: 0.000046 seconds.
  path: Assets/Sprites/Explosion/Explosion_00134.png
  artifactKey: Guid(d743abaaa64823644997f003e6bb9b73) Importer(2089858483,0ecaa5967403d082aa24f35e1b516d23)
Start importing Assets/Sprites/Explosion/Explosion_00134.png using Guid(d743abaaa64823644997f003e6bb9b73) Importer(2089858483,0ecaa5967403d082aa24f35e1b516d23) (ScriptedImporter) -> (artifact id: '9b54d4149aeafa4b48e897fa1adbd584') in 0.0196934 seconds
Number of updated asset objects reloaded before import = 0Number of asset objects unloaded after import = 3

========================================================================
Received Import Request.
  Time since last request: 0.000036 seconds.
  path: Assets/Sprites/Explosion/Explosion_00050.png
  artifactKey: Guid(fccf8af63194a1c49b6ef7e93154f170) Importer(2089858483,0ecaa5967403d082aa24f35e1b516d23)
Start importing Assets/Sprites/Explosion/Explosion_00050.png using Guid(fccf8af63194a1c49b6ef7e93154f170) Importer(2089858483,0ecaa5967403d082aa24f35e1b516d23) (ScriptedImporter) -> (artifact id: 'c8abd8a72898e9802b2ace317fd7f8b8') in 0.0167022 seconds
Number of updated asset objects reloaded before import = 0Number of asset objects unloaded after import = 3

========================================================================
Received Import Request.
  Time since last request: 0.000028 seconds.
  path: Assets/Sprites/Planes/Bipolar Plane/Type_6/Biploar_type6_1.png
  artifactKey: Guid(a0f89ece406c49e4d956a020cd0b503e) Importer(2089858483,0ecaa5967403d082aa24f35e1b516d23)
Start importing Assets/Sprites/Planes/Bipolar Plane/Type_6/Biploar_type6_1.png using Guid(a0f89ece406c49e4d956a020cd0b503e) Importer(2089858483,0ecaa5967403d082aa24f35e1b516d23) (ScriptedImporter) -> (artifact id: '0d9efb3f6c3cee1d322f32923c557f6a') in 0.0139347 seconds
Number of updated asset objects reloaded before import = 0Number of asset objects unloaded after import = 1

Editor requested this worker to shutdown with reason: Scaling down because of idle timeout
AssetImportWorker is now disconnected from the server
Process exiting
Exiting without the bug reporter. Application will terminate with return code 0